insert into account(account_id,user_name,email,password_hash,first_name,last_name) values('1','cilginselin123','cilginselin123@gmail.com','#%§$&FGDS','selin','schmidt');
insert into account(account_id,user_name,email,password_hash,first_name,last_name) values('2','gdemirkol315','gdemirkol315@gmail.com','#%§$&FGDS','görkem','demirkol');
insert into account(account_id,user_name,email,password_hash,first_name,last_name) values('3','darkdefender','darkdefender@gmail.com','#%§$&FGDS','osman','abi');
insert into account(account_id,user_name,email,password_hash,first_name,last_name) values('4','airbnb_user_test','airbnb_user_test@gmail.com','#%§$&FGDS','airbnb_user_test_name','airbnb_user_test_last_name');
insert into account(account_id,user_name,email,password_hash,first_name,last_name) values('5','airbnb_user_test1','airbnb_user_test1@gmail.com','#%§$&FGDS','airbnb_user_test_name1','airbnb_user_test_last_name1');
insert into account(account_id,user_name,email,password_hash,first_name,last_name) values('6','airbnb_user_test2','airbnb_user_test2@gmail.com','#%§$&FGDS','airbnb_user_test_name2','airbnb_user_test_last_name2');
insert into account(account_id,user_name,email,password_hash,first_name,last_name) values('7','airbnb_user_test3','airbnb_user_test3@gmail.com','#%§$&FGDS','airbnb_user_test_name3','airbnb_user_test_last_name3');
insert into account(account_id,user_name,email,password_hash,first_name,last_name) values('8','airbnb_user_test4','airbnb_user_test4@gmail.com','#%§$&FGDS','airbnb_user_test_name4','airbnb_user_test_last_name4');
insert into account(account_id,user_name,email,password_hash,first_name,last_name) values('9','airbnb_user_test5','airbnb_user_test5@gmail.com','#%§$&FGDS','airbnb_user_test_name5','airbnb_user_test_last_name5');
insert into account(account_id,user_name,email,password_hash,first_name,last_name) values('10','airbnb_user_test6','airbnb_user_test6@gmail.com','#%§$&FGDS','airbnb_user_test_name6','airbnb_user_test_last_name6');

insert into social_media_type(social_media_type_id,social_media_platform_name) values (1,'Facebook');
insert into social_media_type(social_media_type_id,social_media_platform_name) values (2,'Instagram');
insert into social_media_type(social_media_type_id,social_media_platform_name) values (3,'Twitter');
insert into social_media_type(social_media_type_id,social_media_platform_name) values (4,'Tiktok');

insert into credit_card_vendor(credit_card_vendor_id, credit_card_vendor) values (1,'visa');
insert into credit_card_vendor(credit_card_vendor_id, credit_card_vendor) values (2,'master');
insert into credit_card_vendor(credit_card_vendor_id, credit_card_vendor) values (3,'maestro');
insert into credit_card_vendor(credit_card_vendor_id, credit_card_vendor) values (4,'paypal');
insert into credit_card_vendor(credit_card_vendor_id, credit_card_vendor) values (5,'paydirect');
insert into credit_card_vendor(credit_card_vendor_id, credit_card_vendor) values (6,'americanexpress');

insert into payment_status(payment_status_id, payment_status) values (1, 'PENDING');
insert into payment_status(payment_status_id, payment_status) values (2, 'REJECTED');
insert into payment_status(payment_status_id, payment_status) values (3, 'SUCCESSFUL');

insert into accomodation_type(accomodation_type_id, accomodation_type) values (1, 'villa');
insert into accomodation_type(accomodation_type_id, accomodation_type) values (2, 'apartment');
insert into accomodation_type(accomodation_type_id, accomodation_type) values (3, 'private room');
insert into accomodation_type(accomodation_type_id, accomodation_type) values (4, 'shared room');
insert into accomodation_type(accomodation_type_id, accomodation_type) values (5, 'camping place');

insert into address(address_id, address, postal_code, city, country) values (1,'landstrasser hauptstrasse 21,3','1030','Wien','Österreich');
insert into guest(guest_id,invoice_address_id,account_id,profile_description,contact_email,contact_phone) values(1,1,1,'dafgagafjahfajklfah afasjashashkas','testemail@email.com','02125731363');
insert into address(address_id, address, postal_code, city, country) values (2,'landstrasser teststrasse 21,2','1030','Wien','Österreich');
insert into guest(guest_id,invoice_address_id,account_id,profile_description,contact_email,contact_phone) values(2,2,2,'dafgagafjahfajklfah afasjashashkas','testemail@email.com','02125731363');
insert into address(address_id, address, postal_code, city, country) values (3,'osmanstraße','1200','Wien','Österreich');
insert into guest(guest_id,invoice_address_id,account_id,profile_description,contact_email,contact_phone) values(3,3,3,'dafgagafjahfajklfah afasjashaskas','testemail@email.com','02125731363');
insert into address(address_id, address, postal_code, city, country) values (4,'teststrasse 5','8950','Magic City','Atlantis');
insert into guest(guest_id,invoice_address_id,account_id,profile_description,contact_email,contact_phone) values(4,4,4,'dafgagafjahfajklfah ','testemail@email.com','02125731363');
insert into address(address_id, address, postal_code, city, country) values (5,'landstrasser hauptstrasse 21,3','1030','Wien','Österreich');
insert into guest(guest_id,invoice_address_id,account_id,profile_description,contact_email,contact_phone) values(5,5,5,'dafgagafjahfajklfah afasjashashkas','testemail@email.com','02125731363');
insert into address(address_id, address, postal_code, city, country) values (6,'landstrasser hauptstrasse 21,3','1030','Wien','Österreich');
insert into guest(guest_id,invoice_address_id,account_id,profile_description,contact_email,contact_phone) values(6,6,6,'dafgagafjahfajklfah afasjashashkas','testemail@email.com','02125731363');
insert into address(address_id, address, postal_code, city, country) values (7,'landstrasser hauptstrasse 21,3','1030','Wien','Österreich');
insert into guest(guest_id,invoice_address_id,account_id,profile_description,contact_email,contact_phone) values(7,7,7,'dafgagafjahfajklfah afasjashashkas','testemail@email.com','02125731363');
insert into address(address_id, address, postal_code, city, country) values (8,'landstrasser hauptstrasse 21,3','1030','Wien','Österreich');
insert into guest(guest_id,invoice_address_id,account_id,profile_description,contact_email,contact_phone) values(8,8,8,'dafgagafjahfajklfah afasjashashkas','testemail@email.com','02125731363');
insert into address(address_id, address, postal_code, city, country) values (9,'landstrasser hauptstrasse 21,3','1030','Wien','Österreich');
insert into guest(guest_id,invoice_address_id,account_id,profile_description,contact_email,contact_phone) values(9,9,9,'dafgagafjahfajklfah afasjashashkas','testemail@email.com','02125731363');
insert into address(address_id, address, postal_code, city, country) values (10,'landstrasser hauptstrasse 21,3','1030','Wien','Österreich');
insert into guest(guest_id,invoice_address_id,account_id,profile_description,contact_email,contact_phone) values(10,10,10,'dafgagafjahfajklfah afasjashashkas','testemail@email.com','02125731363');

insert into currency(currency_id, iso_code, currency_name) values (1, 'AED', 'UAE Dirham');
insert into currency(currency_id, iso_code, currency_name) values (2, 'ALL', 'Lek');
insert into currency(currency_id, iso_code, currency_name) values (3, 'AMD', 'Armenian Dram');
insert into currency(currency_id, iso_code, currency_name) values (4, 'ANG', 'Netherlands Antillean Guilder');
insert into currency(currency_id, iso_code, currency_name) values (5, 'AOA', 'Kwanza');
insert into currency(currency_id, iso_code, currency_name) values (6, 'ARS', 'Argentine Peso');
insert into currency(currency_id, iso_code, currency_name) values (7, 'AUD', 'Australian Dollar');
insert into currency(currency_id, iso_code, currency_name) values (8, 'AWG', 'Aruban Florin');
insert into currency(currency_id, iso_code, currency_name) values (9, 'AZN', 'Azerbaijanian Manat');
insert into currency(currency_id, iso_code, currency_name) values (10, 'BAM', 'Convertible Mark');
insert into currency(currency_id, iso_code, currency_name) values (11, 'BBD', 'Barbados Dollar');
insert into currency(currency_id, iso_code, currency_name) values (12, 'BDT', 'Taka');
insert into currency(currency_id, iso_code, currency_name) values (13, 'BGN', 'Bulgarian Lev');
insert into currency(currency_id, iso_code, currency_name) values (14, 'BHD', 'Bahraini Dinar');
insert into currency(currency_id, iso_code, currency_name) values (15, 'BIF', 'Burundi Franc');
insert into currency(currency_id, iso_code, currency_name) values (16, 'BMD', 'Bermudian Dollar');
insert into currency(currency_id, iso_code, currency_name) values (17, 'BND', 'Brunei Dollar');
insert into currency(currency_id, iso_code, currency_name) values (18, 'BOB', 'Boliviano');
insert into currency(currency_id, iso_code, currency_name) values (19, 'BOV', 'Mvdol');
insert into currency(currency_id, iso_code, currency_name) values (20, 'BRL', 'Brazilian Real');
insert into currency(currency_id, iso_code, currency_name) values (21, 'BSD', 'Bahamian Dollar');
insert into currency(currency_id, iso_code, currency_name) values (22, 'BTN', 'Ngultrum');
insert into currency(currency_id, iso_code, currency_name) values (23, 'BWP', 'Pula');
insert into currency(currency_id, iso_code, currency_name) values (24, 'BYR', 'Belarussian Ruble');
insert into currency(currency_id, iso_code, currency_name) values (25, 'BZD', 'Belize Dollar');
insert into currency(currency_id, iso_code, currency_name) values (26, 'CAD', 'Canadian Dollar');
insert into currency(currency_id, iso_code, currency_name) values (27, 'CDF', 'Congolese Franc');
insert into currency(currency_id, iso_code, currency_name) values (28, 'CHE', 'WIR Euro');
insert into currency(currency_id, iso_code, currency_name) values (29, 'CHF', 'Swiss Franc');
insert into currency(currency_id, iso_code, currency_name) values (30, 'CHW', 'WIR Franc');
insert into currency(currency_id, iso_code, currency_name) values (31, 'CLF', 'Unidad de Fomento');
insert into currency(currency_id, iso_code, currency_name) values (32, 'CLP', 'Chilean Peso');
insert into currency(currency_id, iso_code, currency_name) values (33, 'CNY', 'Yuan Renminbi');
insert into currency(currency_id, iso_code, currency_name) values (34, 'COP', 'Colombian Peso');
insert into currency(currency_id, iso_code, currency_name) values (35, 'COU', 'Unidad de Valor Real');
insert into currency(currency_id, iso_code, currency_name) values (36, 'CRC', 'Costa Rican Colon');
insert into currency(currency_id, iso_code, currency_name) values (37, 'CUC', 'Peso Convertible');
insert into currency(currency_id, iso_code, currency_name) values (38, 'CUP', 'Cuban Peso');
insert into currency(currency_id, iso_code, currency_name) values (39, 'CVE', 'Cabo Verde Escudo');
insert into currency(currency_id, iso_code, currency_name) values (40, 'CZK', 'Czech Koruna');
insert into currency(currency_id, iso_code, currency_name) values (41, 'DJF', 'Djibouti Franc');
insert into currency(currency_id, iso_code, currency_name) values (42, 'DKK', 'Danish Krone');
insert into currency(currency_id, iso_code, currency_name) values (43, 'DOP', 'Dominican Peso');
insert into currency(currency_id, iso_code, currency_name) values (44, 'DZD', 'Algerian Dinar');
insert into currency(currency_id, iso_code, currency_name) values (45, 'EGP', 'Egyptian Pound');
insert into currency(currency_id, iso_code, currency_name) values (46, 'ERN', 'Nakfa');
insert into currency(currency_id, iso_code, currency_name) values (47, 'ETB', 'Ethiopian Birr');
insert into currency(currency_id, iso_code, currency_name) values (48, 'EUR', 'Euro');
insert into currency(currency_id, iso_code, currency_name) values (49, 'FJD', 'Fiji Dollar');
insert into currency(currency_id, iso_code, currency_name) values (50, 'FKP', 'Falkland Islands Pound');
insert into currency(currency_id, iso_code, currency_name) values (51, 'GBP', 'Pound Sterling');
insert into currency(currency_id, iso_code, currency_name) values (52, 'GEL', 'Lari');
insert into currency(currency_id, iso_code, currency_name) values (53, 'GHS', 'Ghana Cedi');
insert into currency(currency_id, iso_code, currency_name) values (54, 'GIP', 'Gibraltar Pound');
insert into currency(currency_id, iso_code, currency_name) values (55, 'GMD', 'Dalasi');
insert into currency(currency_id, iso_code, currency_name) values (56, 'GNF', 'Guinea Franc');
insert into currency(currency_id, iso_code, currency_name) values (57, 'GTQ', 'Quetzal');
insert into currency(currency_id, iso_code, currency_name) values (58, 'GYD', 'Guyana Dollar');
insert into currency(currency_id, iso_code, currency_name) values (59, 'HKD', 'Hong Kong Dollar');
insert into currency(currency_id, iso_code, currency_name) values (60, 'HNL', 'Lempira');
insert into currency(currency_id, iso_code, currency_name) values (61, 'HRK', 'Croatian Kuna');
insert into currency(currency_id, iso_code, currency_name) values (62, 'HTG', 'Gourde');
insert into currency(currency_id, iso_code, currency_name) values (63, 'HUF', 'Forint');
insert into currency(currency_id, iso_code, currency_name) values (64, 'IDR', 'Rupiah');
insert into currency(currency_id, iso_code, currency_name) values (65, 'ILS', 'New Israeli Sheqel');
insert into currency(currency_id, iso_code, currency_name) values (66, 'INR', 'Indian Rupee');
insert into currency(currency_id, iso_code, currency_name) values (67, 'IQD', 'Iraqi Dinar');
insert into currency(currency_id, iso_code, currency_name) values (68, 'IRR', 'Iranian Rial');
insert into currency(currency_id, iso_code, currency_name) values (69, 'ISK', 'Iceland Krona');
insert into currency(currency_id, iso_code, currency_name) values (70, 'JMD', 'Jamaican Dollar');
insert into currency(currency_id, iso_code, currency_name) values (71, 'JOD', 'Jordanian Dinar');
insert into currency(currency_id, iso_code, currency_name) values (72, 'JPY', 'Yen');
insert into currency(currency_id, iso_code, currency_name) values (73, 'KES', 'Kenyan Shilling');
insert into currency(currency_id, iso_code, currency_name) values (74, 'KGS', 'Som');
insert into currency(currency_id, iso_code, currency_name) values (75, 'KHR', 'Riel');
insert into currency(currency_id, iso_code, currency_name) values (76, 'KMF', 'Comoro Franc');
insert into currency(currency_id, iso_code, currency_name) values (77, 'KPW', 'North Korean Won');
insert into currency(currency_id, iso_code, currency_name) values (78, 'KRW', 'Won');
insert into currency(currency_id, iso_code, currency_name) values (79, 'KWD', 'Kuwaiti Dinar');
insert into currency(currency_id, iso_code, currency_name) values (80, 'KYD', 'Cayman Islands Dollar');
insert into currency(currency_id, iso_code, currency_name) values (81, 'KZT', 'Tenge');
insert into currency(currency_id, iso_code, currency_name) values (82, 'LAK', 'Kip');
insert into currency(currency_id, iso_code, currency_name) values (83, 'LBP', 'Lebanese Pound');
insert into currency(currency_id, iso_code, currency_name) values (84, 'LKR', 'Sri Lanka Rupee');
insert into currency(currency_id, iso_code, currency_name) values (85, 'LRD', 'Liberian Dollar');
insert into currency(currency_id, iso_code, currency_name) values (86, 'LSL', 'Loti');
insert into currency(currency_id, iso_code, currency_name) values (87, 'LYD', 'Libyan Dinar');
insert into currency(currency_id, iso_code, currency_name) values (88, 'MAD', 'Moroccan Dirham');
insert into currency(currency_id, iso_code, currency_name) values (89, 'MDL', 'Moldovan Leu');
insert into currency(currency_id, iso_code, currency_name) values (90, 'MGA', 'Malagasy Ariary');
insert into currency(currency_id, iso_code, currency_name) values (91, 'MKD', 'Denar');
insert into currency(currency_id, iso_code, currency_name) values (92, 'MMK', 'Kyat');
insert into currency(currency_id, iso_code, currency_name) values (93, 'MNT', 'Tugrik');
insert into currency(currency_id, iso_code, currency_name) values (94, 'MOP', 'Pataca');
insert into currency(currency_id, iso_code, currency_name) values (95, 'MRO', 'Ouguiya');
insert into currency(currency_id, iso_code, currency_name) values (96, 'MUR', 'Mauritius Rupee');
insert into currency(currency_id, iso_code, currency_name) values (97, 'MVR', 'Rufiyaa');
insert into currency(currency_id, iso_code, currency_name) values (98, 'MWK', 'Kwacha');
insert into currency(currency_id, iso_code, currency_name) values (99, 'MXN', 'Mexican Peso');
insert into currency(currency_id, iso_code, currency_name) values (100, 'MXV', 'Mexican Unidad de Inversion (UDI)');
insert into currency(currency_id, iso_code, currency_name) values (101, 'MYR', 'Malaysian Ringgit');
insert into currency(currency_id, iso_code, currency_name) values (102, 'MZN', 'Mozambique Metical');
insert into currency(currency_id, iso_code, currency_name) values (103, 'NAD', 'Namibia Dollar');
insert into currency(currency_id, iso_code, currency_name) values (104, 'NGN', 'Naira');
insert into currency(currency_id, iso_code, currency_name) values (105, 'NIO', 'Cordoba Oro');
insert into currency(currency_id, iso_code, currency_name) values (106, 'NOK', 'Norwegian Krone');
insert into currency(currency_id, iso_code, currency_name) values (107, 'NPR', 'Nepalese Rupee');
insert into currency(currency_id, iso_code, currency_name) values (108, 'NZD', 'New Zealand Dollar');
insert into currency(currency_id, iso_code, currency_name) values (109, 'OMR', 'Rial Omani');
insert into currency(currency_id, iso_code, currency_name) values (110, 'PAB', 'Balboa');
insert into currency(currency_id, iso_code, currency_name) values (111, 'PEN', 'Nuevo Sol');
insert into currency(currency_id, iso_code, currency_name) values (112, 'PGK', 'Kina');
insert into currency(currency_id, iso_code, currency_name) values (113, 'PHP', 'Philippine Peso');
insert into currency(currency_id, iso_code, currency_name) values (114, 'PKR', 'Pakistan Rupee');
insert into currency(currency_id, iso_code, currency_name) values (115, 'PLN', 'Zloty');
insert into currency(currency_id, iso_code, currency_name) values (116, 'PYG', 'Guarani');
insert into currency(currency_id, iso_code, currency_name) values (117, 'QAR', 'Qatari Rial');
insert into currency(currency_id, iso_code, currency_name) values (118, 'RON', 'New Romanian Leu');
insert into currency(currency_id, iso_code, currency_name) values (119, 'RSD', 'Serbian Dinar');
insert into currency(currency_id, iso_code, currency_name) values (120, 'RUB', 'Russian Ruble');
insert into currency(currency_id, iso_code, currency_name) values (121, 'RWF', 'Rwanda Franc');
insert into currency(currency_id, iso_code, currency_name) values (122, 'SAR', 'Saudi Riyal');
insert into currency(currency_id, iso_code, currency_name) values (123, 'SBD', 'Solomon Islands Dollar');
insert into currency(currency_id, iso_code, currency_name) values (124, 'SCR', 'Seychelles Rupee');
insert into currency(currency_id, iso_code, currency_name) values (125, 'SDG', 'Sudanese Pound');
insert into currency(currency_id, iso_code, currency_name) values (126, 'SEK', 'Swedish Krona');
insert into currency(currency_id, iso_code, currency_name) values (127, 'SGD', 'Singapore Dollar');
insert into currency(currency_id, iso_code, currency_name) values (128, 'SHP', 'Saint Helena Pound');
insert into currency(currency_id, iso_code, currency_name) values (129, 'SLL', 'Leone');
insert into currency(currency_id, iso_code, currency_name) values (130, 'SOS', 'Somali Shilling');
insert into currency(currency_id, iso_code, currency_name) values (131, 'SRD', 'Surinam Dollar');
insert into currency(currency_id, iso_code, currency_name) values (132, 'SSP', 'South Sudanese Pound');
insert into currency(currency_id, iso_code, currency_name) values (133, 'STD', 'Dobra');
insert into currency(currency_id, iso_code, currency_name) values (134, 'SVC', 'El Salvador Colon');
insert into currency(currency_id, iso_code, currency_name) values (135, 'SYP', 'Syrian Pound');
insert into currency(currency_id, iso_code, currency_name) values (136, 'SZL', 'Lilangeni');
insert into currency(currency_id, iso_code, currency_name) values (137, 'THB', 'Baht');
insert into currency(currency_id, iso_code, currency_name) values (138, 'TJS', 'Somoni');
insert into currency(currency_id, iso_code, currency_name) values (139, 'TMT', 'Turkmenistan New Manat');
insert into currency(currency_id, iso_code, currency_name) values (140, 'TND', 'Tunisian Dinar');
insert into currency(currency_id, iso_code, currency_name) values (141, 'TOP', 'Pa’anga');
insert into currency(currency_id, iso_code, currency_name) values (142, 'TRY', 'Turkish Lira');
insert into currency(currency_id, iso_code, currency_name) values (143, 'TTD', 'Trinidad and Tobago Dollar');
insert into currency(currency_id, iso_code, currency_name) values (144, 'TWD', 'New Taiwan Dollar');
insert into currency(currency_id, iso_code, currency_name) values (145, 'TZS', 'Tanzanian Shilling');
insert into currency(currency_id, iso_code, currency_name) values (146, 'UAH', 'Hryvnia');
insert into currency(currency_id, iso_code, currency_name) values (147, 'UGX', 'Uganda Shilling');
insert into currency(currency_id, iso_code, currency_name) values (148, 'USD', 'US Dollar');
insert into currency(currency_id, iso_code, currency_name) values (149, 'USN', 'US Dollar (Next day)');
insert into currency(currency_id, iso_code, currency_name) values (150, 'UYI', 'Uruguay Peso en Unidades Indexadas (URUIURUI)');
insert into currency(currency_id, iso_code, currency_name) values (151, 'UYU', 'Peso Uruguayo');
insert into currency(currency_id, iso_code, currency_name) values (152, 'UZS', 'Uzbekistan Sum');
insert into currency(currency_id, iso_code, currency_name) values (153, 'VEF', 'Bolivar');
insert into currency(currency_id, iso_code, currency_name) values (154, 'VND', 'Dong');
insert into currency(currency_id, iso_code, currency_name) values (155, 'VUV', 'Vatu');
insert into currency(currency_id, iso_code, currency_name) values (156, 'WST', 'Tala');
insert into currency(currency_id, iso_code, currency_name) values (157, 'XAF', 'CFA Franc BEAC');
insert into currency(currency_id, iso_code, currency_name) values (158, 'XCD', 'East Caribbean Dollar');
insert into currency(currency_id, iso_code, currency_name) values (159, 'XDR', 'SDR (Special Drawing Right)');
insert into currency(currency_id, iso_code, currency_name) values (160, 'XOF', 'CFA Franc BCEAO');
insert into currency(currency_id, iso_code, currency_name) values (161, 'XPF', 'CFP Franc');
insert into currency(currency_id, iso_code, currency_name) values (162, 'XSU', 'Sucre');
insert into currency(currency_id, iso_code, currency_name) values (163, 'XUA', 'ADB Unit of Account');
insert into currency(currency_id, iso_code, currency_name) values (164, 'YER', 'Yemeni Rial');
insert into currency(currency_id, iso_code, currency_name) values (165, 'ZAR', 'Rand');
insert into currency(currency_id, iso_code, currency_name) values (166, 'ZMW', 'Zambian Kwacha');
insert into currency(currency_id, iso_code, currency_name) values (167, 'ZWL', 'Zimbabwe Dollar');

commit;