insert into account(account_id,user_name,email,password_hash,first_name,last_name) values('1','cilginselin123','cilginselin123@gmail.com','#%§$&FGDS','selin','schmidt');
insert into account(account_id,user_name,email,password_hash,first_name,last_name) values('2','gdemirkol315','gdemirkol315@gmail.com','#%§$&FGDS','görkem','demirkol');
insert into account(account_id,user_name,email,password_hash,first_name,last_name) values('3','darkdefender','darkdefender@gmail.com','#%§$&FGDS','osman','abi');
insert into account(account_id,user_name,email,password_hash,first_name,last_name) values('4','airbnb_user_test','airbnb_user_test@gmail.com','#%§$&FGDS','airbnb_user_test_name','airbnb_user_test_last_name');
insert into account(account_id,user_name,email,password_hash,first_name,last_name) values('5','airbnb_user_test1','airbnb_user_test1@gmail.com','#%§$&FGDS','airbnb_user_test_name1','airbnb_user_test_last_name1');
insert into account(account_id,user_name,email,password_hash,first_name,last_name) values('6','airbnb_user_test2','airbnb_user_test2@gmail.com','#%§$&FGDS','airbnb_user_test_name2','airbnb_user_test_last_name2');
insert into account(account_id,user_name,email,password_hash,first_name,last_name) values('7','airbnb_user_test3','airbnb_user_test3@gmail.com','#%§$&FGDS','airbnb_user_test_name3','airbnb_user_test_last_name3');
insert into account(account_id,user_name,email,password_hash,first_name,last_name) values('8','airbnb_user_test4','airbnb_user_test4@gmail.com','#%§$&FGDS','airbnb_user_test_name4','airbnb_user_test_last_name4');
insert into account(account_id,user_name,email,password_hash,first_name,last_name) values('9','airbnb_user_test5','airbnb_user_test5@gmail.com','#%§$&FGDS','airbnb_user_test_name5','airbnb_user_test_last_name5');
insert into account(account_id,user_name,email,password_hash,first_name,last_name) values('10','airbnb_user_test6','airbnb_user_test6@gmail.com','#%§$&FGDS','airbnb_user_test_name6','airbnb_user_test_last_name6');

insert into social_media_type(social_media_type_id,social_media_platform_name) values (1,'Facebook');
insert into social_media_type(social_media_type_id,social_media_platform_name) values (2,'Instagram');
insert into social_media_type(social_media_type_id,social_media_platform_name) values (3,'Twitter');
insert into social_media_type(social_media_type_id,social_media_platform_name) values (4,'Tiktok');

insert into address(address_id, address, postal_code, city, country) values (1,'landstrasser hauptstrasse 21,3','1030','Wien','Österreich');
insert into guest(guest_id,invoice_address_id,account_id,profile_description,contact_email,contact_phone) values(1,1,1,'dafgagafjahfajklfah afasjashashkas','testemail@email.com','02125731363');
insert into address(address_id, address, postal_code, city, country) values (2,'landstrasser teststrasse 21,2','1030','Wien','Österreich');
insert into guest(guest_id,invoice_address_id,account_id,profile_description,contact_email,contact_phone) values(2,2,2,'dafgagafjahfajklfah afasjashashkas','testemail@email.com','02125731363');
insert into address(address_id, address, postal_code, city, country) values (3,'osmanstraße','1200','Wien','Österreich');
insert into guest(guest_id,invoice_address_id,account_id,profile_description,contact_email,contact_phone) values(3,3,3,'dafgagafjahfajklfah afasjashaskas','testemail@email.com','02125731363');
insert into address(address_id, address, postal_code, city, country) values (4,'teststrasse 5','8950','Magic City','Atlantis');
insert into guest(guest_id,invoice_address_id,account_id,profile_description,contact_email,contact_phone) values(4,4,4,'dafgagafjahfajklfah ','testemail@email.com','02125731363');
insert into address(address_id, address, postal_code, city, country) values (5,'landstrasser hauptstrasse 21,3','1030','Wien','Österreich');
insert into guest(guest_id,invoice_address_id,account_id,profile_description,contact_email,contact_phone) values(5,5,5,'dafgagafjahfajklfah afasjashashkas','testemail@email.com','02125731363');
insert into address(address_id, address, postal_code, city, country) values (6,'landstrasser hauptstrasse 21,3','1030','Wien','Österreich');
insert into guest(guest_id,invoice_address_id,account_id,profile_description,contact_email,contact_phone) values(6,6,6,'dafgagafjahfajklfah afasjashashkas','testemail@email.com','02125731363');
insert into address(address_id, address, postal_code, city, country) values (7,'landstrasser hauptstrasse 21,3','1030','Wien','Österreich');
insert into guest(guest_id,invoice_address_id,account_id,profile_description,contact_email,contact_phone) values(7,7,7,'dafgagafjahfajklfah afasjashashkas','testemail@email.com','02125731363');
insert into address(address_id, address, postal_code, city, country) values (8,'landstrasser hauptstrasse 21,3','1030','Wien','Österreich');
insert into guest(guest_id,invoice_address_id,account_id,profile_description,contact_email,contact_phone) values(8,8,8,'dafgagafjahfajklfah afasjashashkas','testemail@email.com','02125731363');
insert into address(address_id, address, postal_code, city, country) values (9,'landstrasser hauptstrasse 21,3','1030','Wien','Österreich');
insert into guest(guest_id,invoice_address_id,account_id,profile_description,contact_email,contact_phone) values(9,9,9,'dafgagafjahfajklfah afasjashashkas','testemail@email.com','02125731363');
insert into address(address_id, address, postal_code, city, country) values (10,'landstrasser hauptstrasse 21,3','1030','Wien','Österreich');
insert into guest(guest_id,invoice_address_id,account_id,profile_description,contact_email,contact_phone) values(10,10,10,'dafgagafjahfajklfah afasjashashkas','testemail@email.com','02125731363');

insert into credit_card_vendor(credit_card_vendor_id, credit_card_vendor) values (1,'visa');
insert into credit_card_vendor(credit_card_vendor_id, credit_card_vendor) values (2,'master');
insert into credit_card_vendor(credit_card_vendor_id, credit_card_vendor) values (3,'maestro');
insert into credit_card_vendor(credit_card_vendor_id, credit_card_vendor) values (4,'paypal');
insert into credit_card_vendor(credit_card_vendor_id, credit_card_vendor) values (5,'paydirect');
insert into credit_card_vendor(credit_card_vendor_id, credit_card_vendor) values (6,'americanexpress');

insert into payment_status(payment_status_id, payment_status) values (1, 'PENDING');
insert into payment_status(payment_status_id, payment_status) values (2, 'REJECTED');
insert into payment_status(payment_status_id, payment_status) values (3, 'SUCCESSFUL');

insert into accomodation_type(accomodation_type_id, accomodation_type) values (1, 'villa');
insert into accomodation_type(accomodation_type_id, accomodation_type) values (2, 'apartment');
insert into accomodation_type(accomodation_type_id, accomodation_type) values (3, 'private room');
insert into accomodation_type(accomodation_type_id, accomodation_type) values (4, 'shared room');
insert into accomodation_type(accomodation_type_id, accomodation_type) values (5, 'camping place');

commit;
-- insert into currency()values();