insert into account(account_id,user_name,email,password_hash,first_name,last_name) values('1','cilginselin123','cilginselin123@gmail.com','#%§$&FGDS','selin','schmidt');
insert into account(account_id,user_name,email,password_hash,first_name,last_name) values('2','gdemirkol315','gdemirkol315@gmail.com','#%§$&FGDS','görkem','demirkol');
insert into account(account_id,user_name,email,password_hash,first_name,last_name) values('3','darkdefender','darkdefender@gmail.com','#%§$&FGDS','osman','abi');
insert into account(account_id,user_name,email,password_hash,first_name,last_name) values('4','airbnb_user_test','airbnb_user_test@gmail.com','#%§$&FGDS','airbnb_user_test_name','airbnb_user_test_last_name');
insert into account(account_id,user_name,email,password_hash,first_name,last_name) values('5','airbnb_user_test1','airbnb_user_test1@gmail.com','#%§$&FGDS','airbnb_user_test_name1','airbnb_user_test_last_name1');
insert into account(account_id,user_name,email,password_hash,first_name,last_name) values('6','airbnb_user_test2','airbnb_user_test2@gmail.com','#%§$&FGDS','airbnb_user_test_name2','airbnb_user_test_last_name2');
insert into account(account_id,user_name,email,password_hash,first_name,last_name) values('7','airbnb_user_test3','airbnb_user_test3@gmail.com','#%§$&FGDS','airbnb_user_test_name3','airbnb_user_test_last_name3');
insert into account(account_id,user_name,email,password_hash,first_name,last_name) values('8','airbnb_user_test4','airbnb_user_test4@gmail.com','#%§$&FGDS','airbnb_user_test_name4','airbnb_user_test_last_name4');
insert into account(account_id,user_name,email,password_hash,first_name,last_name) values('9','airbnb_user_test5','airbnb_user_test5@gmail.com','#%§$&FGDS','airbnb_user_test_name5','airbnb_user_test_last_name5');
insert into account(account_id,user_name,email,password_hash,first_name,last_name) values('10','airbnb_user_test6','airbnb_user_test6@gmail.com','#%§$&FGDS','airbnb_user_test_name6','airbnb_user_test_last_name6');
insert into account(account_id,user_name,email,password_hash,first_name,last_name) values('11','cilginselin123','cilginselin123@gmail.com','#%§$&FGDS','selin','schmidt');
insert into account(account_id,user_name,email,password_hash,first_name,last_name) values('12','gdemirkol315','gdemirkol315@gmail.com','#%§$&FGDS','görkem','demirkol');
insert into account(account_id,user_name,email,password_hash,first_name,last_name) values('13','darkdefender','darkdefender@gmail.com','#%§$&FGDS','osman','abi');
insert into account(account_id,user_name,email,password_hash,first_name,last_name) values('14','airbnb_user_test10','airbnb_user_test@gmail.com','#%§$&FGDS','airbnb_user_test_name','airbnb_user_test_last_name');
insert into account(account_id,user_name,email,password_hash,first_name,last_name) values('15','airbnb_user_test11','airbnb_user_test1@gmail.com','#%§$&FGDS','airbnb_user_test_name1','airbnb_user_test_last_name1');
insert into account(account_id,user_name,email,password_hash,first_name,last_name) values('16','airbnb_user_test12','airbnb_user_test2@gmail.com','#%§$&FGDS','airbnb_user_test_name2','airbnb_user_test_last_name2');
insert into account(account_id,user_name,email,password_hash,first_name,last_name) values('17','airbnb_user_test13','airbnb_user_test3@gmail.com','#%§$&FGDS','airbnb_user_test_name3','airbnb_user_test_last_name3');
insert into account(account_id,user_name,email,password_hash,first_name,last_name) values('18','airbnb_user_test14','airbnb_user_test4@gmail.com','#%§$&FGDS','airbnb_user_test_name4','airbnb_user_test_last_name4');
insert into account(account_id,user_name,email,password_hash,first_name,last_name) values('19','airbnb_user_test15','airbnb_user_test5@gmail.com','#%§$&FGDS','airbnb_user_test_name5','airbnb_user_test_last_name5');
insert into account(account_id,user_name,email,password_hash,first_name,last_name) values('20','airbnb_user_test16','airbnb_user_test6@gmail.com','#%§$&FGDS','airbnb_user_test_name6','airbnb_user_test_last_name6');
insert into account(account_id,user_name,email,password_hash,first_name,last_name) values('21','cilginselin12387','cilginselin123@gmail.com','#%§$&FGDS','selin','schmidt');
insert into account(account_id,user_name,email,password_hash,first_name,last_name) values('22','gdemirkol3187','gdemirkol315@gmail.com','#%§$&FGDS','görkem','demirkol');
insert into account(account_id,user_name,email,password_hash,first_name,last_name) values('23','darkdefender156','darkdefender@gmail.com','#%§$&FGDS','osman','abi');
insert into account(account_id,user_name,email,password_hash,first_name,last_name) values('24','airbnb_user_test20','airbnb_user_test@gmail.com','#%§$&FGDS','airbnb_user_test_name','airbnb_user_test_last_name');
insert into account(account_id,user_name,email,password_hash,first_name,last_name) values('25','airbnb_user_test21','airbnb_user_test1@gmail.com','#%§$&FGDS','airbnb_user_test_name1','airbnb_user_test_last_name1');
insert into account(account_id,user_name,email,password_hash,first_name,last_name) values('26','airbnb_user_test22','airbnb_user_test2@gmail.com','#%§$&FGDS','airbnb_user_test_name2','airbnb_user_test_last_name2');
insert into account(account_id,user_name,email,password_hash,first_name,last_name) values('27','airbnb_user_test23','airbnb_user_test3@gmail.com','#%§$&FGDS','airbnb_user_test_name3','airbnb_user_test_last_name3');
insert into account(account_id,user_name,email,password_hash,first_name,last_name) values('28','airbnb_user_test24','airbnb_user_test4@gmail.com','#%§$&FGDS','airbnb_user_test_name4','airbnb_user_test_last_name4');
insert into account(account_id,user_name,email,password_hash,first_name,last_name) values('29','airbnb_user_test25','airbnb_user_test5@gmail.com','#%§$&FGDS','airbnb_user_test_name5','airbnb_user_test_last_name5');
insert into account(account_id,user_name,email,password_hash,first_name,last_name) values('30','airbnb_user_test26','airbnb_user_test6@gmail.com','#%§$&FGDS','airbnb_user_test_name6','airbnb_user_test_last_name6');
insert into account(account_id,user_name,email,password_hash,first_name,last_name) values('31','cilginselin1234','cilginselin123@gmail.com','#%§$&FGDS','selin','schmidt');
insert into account(account_id,user_name,email,password_hash,first_name,last_name) values('32','gdemirkol316','gdemirkol315@gmail.com','#%§$&FGDS','görkem','demirkol');
insert into account(account_id,user_name,email,password_hash,first_name,last_name) values('33','darkdefender123','darkdefender@gmail.com','#%§$&FGDS','osman','abi');
insert into account(account_id,user_name,email,password_hash,first_name,last_name) values('34','airbnb_user_test30','airbnb_user_test@gmail.com','#%§$&FGDS','airbnb_user_test_name','airbnb_user_test_last_name');
insert into account(account_id,user_name,email,password_hash,first_name,last_name) values('35','airbnb_user_test31','airbnb_user_test1@gmail.com','#%§$&FGDS','airbnb_user_test_name1','airbnb_user_test_last_name1');
insert into account(account_id,user_name,email,password_hash,first_name,last_name) values('36','airbnb_user_test32','airbnb_user_test2@gmail.com','#%§$&FGDS','airbnb_user_test_name2','airbnb_user_test_last_name2');
insert into account(account_id,user_name,email,password_hash,first_name,last_name) values('37','airbnb_user_test33','airbnb_user_test3@gmail.com','#%§$&FGDS','airbnb_user_test_name3','airbnb_user_test_last_name3');
insert into account(account_id,user_name,email,password_hash,first_name,last_name) values('38','airbnb_user_test34','airbnb_user_test4@gmail.com','#%§$&FGDS','airbnb_user_test_name4','airbnb_user_test_last_name4');
insert into account(account_id,user_name,email,password_hash,first_name,last_name) values('39','airbnb_user_test35','airbnb_user_test5@gmail.com','#%§$&FGDS','airbnb_user_test_name5','airbnb_user_test_last_name5');
insert into account(account_id,user_name,email,password_hash,first_name,last_name) values('40','airbnb_user_test36','airbnb_user_test6@gmail.com','#%§$&FGDS','airbnb_user_test_name6','airbnb_user_test_last_name6');

insert into social_media_type(social_media_type_id,social_media_platform_name) values (1,'Facebook');
insert into social_media_type(social_media_type_id,social_media_platform_name) values (2,'Instagram');
insert into social_media_type(social_media_type_id,social_media_platform_name) values (3,'Twitter');
insert into social_media_type(social_media_type_id,social_media_platform_name) values (4,'Tiktok');
insert into social_media_type(social_media_type_id,social_media_platform_name) values (5,'Youtube');
insert into social_media_type(social_media_type_id,social_media_platform_name) values (6,'LinkedIn');
insert into social_media_type(social_media_type_id,social_media_platform_name) values (7,'VK');
insert into social_media_type(social_media_type_id,social_media_platform_name) values (8,'Xing');
insert into social_media_type(social_media_type_id,social_media_platform_name) values (9,'Pinterest');
insert into social_media_type(social_media_type_id,social_media_platform_name) values (10,'Tumblr');
insert into social_media_type(social_media_type_id,social_media_platform_name) values (11,'Flickr');
insert into social_media_type(social_media_type_id,social_media_platform_name) values (12,'Reddit');
insert into social_media_type(social_media_type_id,social_media_platform_name) values (13,'Snapchat');
insert into social_media_type(social_media_type_id,social_media_platform_name) values (14,'Quora');
insert into social_media_type(social_media_type_id,social_media_platform_name) values (15,'WhatsApp');
insert into social_media_type(social_media_type_id,social_media_platform_name) values (16,'Vimeo');
insert into social_media_type(social_media_type_id,social_media_platform_name) values (17,'Viber');
insert into social_media_type(social_media_type_id,social_media_platform_name) values (18,'Medium');
insert into social_media_type(social_media_type_id,social_media_platform_name) values (19,'Digg');
insert into social_media_type(social_media_type_id,social_media_platform_name) values (20,'WeChat');

insert into credit_card_vendor(credit_card_vendor_id, credit_card_vendor) values (1,'visa');
insert into credit_card_vendor(credit_card_vendor_id, credit_card_vendor) values (2,'master');
insert into credit_card_vendor(credit_card_vendor_id, credit_card_vendor) values (3,'maestro');
insert into credit_card_vendor(credit_card_vendor_id, credit_card_vendor) values (4,'paypal');
insert into credit_card_vendor(credit_card_vendor_id, credit_card_vendor) values (5,'paydirect');
insert into credit_card_vendor(credit_card_vendor_id, credit_card_vendor) values (6,'americanexpress');

insert into payment_status(payment_status_id, payment_status) values (1, 'PENDING');
insert into payment_status(payment_status_id, payment_status) values (2, 'REJECTED');
insert into payment_status(payment_status_id, payment_status) values (3, 'SUCCESSFUL');

insert into accomodation_type(accomodation_type_id, accomodation_type) values (1, 'villa');
insert into accomodation_type(accomodation_type_id, accomodation_type) values (2, 'apartment');
insert into accomodation_type(accomodation_type_id, accomodation_type) values (3, 'private room');
insert into accomodation_type(accomodation_type_id, accomodation_type) values (4, 'shared room');
insert into accomodation_type(accomodation_type_id, accomodation_type) values (5, 'camping place');

insert into currency(currency_id, iso_code, currency_name) values (1, 'AED', 'UAE Dirham');
insert into currency(currency_id, iso_code, currency_name) values (2, 'ALL', 'Lek');
insert into currency(currency_id, iso_code, currency_name) values (3, 'AMD', 'Armenian Dram');
insert into currency(currency_id, iso_code, currency_name) values (4, 'ANG', 'Netherlands Antillean Guilder');
insert into currency(currency_id, iso_code, currency_name) values (5, 'AOA', 'Kwanza');
insert into currency(currency_id, iso_code, currency_name) values (6, 'ARS', 'Argentine Peso');
insert into currency(currency_id, iso_code, currency_name) values (7, 'AUD', 'Australian Dollar');
insert into currency(currency_id, iso_code, currency_name) values (8, 'AWG', 'Aruban Florin');
insert into currency(currency_id, iso_code, currency_name) values (9, 'AZN', 'Azerbaijanian Manat');
insert into currency(currency_id, iso_code, currency_name) values (10, 'BAM', 'Convertible Mark');
insert into currency(currency_id, iso_code, currency_name) values (11, 'BBD', 'Barbados Dollar');
insert into currency(currency_id, iso_code, currency_name) values (12, 'BDT', 'Taka');
insert into currency(currency_id, iso_code, currency_name) values (13, 'BGN', 'Bulgarian Lev');
insert into currency(currency_id, iso_code, currency_name) values (14, 'BHD', 'Bahraini Dinar');
insert into currency(currency_id, iso_code, currency_name) values (15, 'BIF', 'Burundi Franc');
insert into currency(currency_id, iso_code, currency_name) values (16, 'BMD', 'Bermudian Dollar');
insert into currency(currency_id, iso_code, currency_name) values (17, 'BND', 'Brunei Dollar');
insert into currency(currency_id, iso_code, currency_name) values (18, 'BOB', 'Boliviano');
insert into currency(currency_id, iso_code, currency_name) values (19, 'BOV', 'Mvdol');
insert into currency(currency_id, iso_code, currency_name) values (20, 'BRL', 'Brazilian Real');
insert into currency(currency_id, iso_code, currency_name) values (21, 'BSD', 'Bahamian Dollar');
insert into currency(currency_id, iso_code, currency_name) values (22, 'BTN', 'Ngultrum');
insert into currency(currency_id, iso_code, currency_name) values (23, 'BWP', 'Pula');
insert into currency(currency_id, iso_code, currency_name) values (24, 'BYR', 'Belarussian Ruble');
insert into currency(currency_id, iso_code, currency_name) values (25, 'BZD', 'Belize Dollar');
insert into currency(currency_id, iso_code, currency_name) values (26, 'CAD', 'Canadian Dollar');
insert into currency(currency_id, iso_code, currency_name) values (27, 'CDF', 'Congolese Franc');
insert into currency(currency_id, iso_code, currency_name) values (28, 'CHE', 'WIR Euro');
insert into currency(currency_id, iso_code, currency_name) values (29, 'CHF', 'Swiss Franc');
insert into currency(currency_id, iso_code, currency_name) values (30, 'CHW', 'WIR Franc');
insert into currency(currency_id, iso_code, currency_name) values (31, 'CLF', 'Unidad de Fomento');
insert into currency(currency_id, iso_code, currency_name) values (32, 'CLP', 'Chilean Peso');
insert into currency(currency_id, iso_code, currency_name) values (33, 'CNY', 'Yuan Renminbi');
insert into currency(currency_id, iso_code, currency_name) values (34, 'COP', 'Colombian Peso');
insert into currency(currency_id, iso_code, currency_name) values (35, 'COU', 'Unidad de Valor Real');
insert into currency(currency_id, iso_code, currency_name) values (36, 'CRC', 'Costa Rican Colon');
insert into currency(currency_id, iso_code, currency_name) values (37, 'CUC', 'Peso Convertible');
insert into currency(currency_id, iso_code, currency_name) values (38, 'CUP', 'Cuban Peso');
insert into currency(currency_id, iso_code, currency_name) values (39, 'CVE', 'Cabo Verde Escudo');
insert into currency(currency_id, iso_code, currency_name) values (40, 'CZK', 'Czech Koruna');
insert into currency(currency_id, iso_code, currency_name) values (41, 'DJF', 'Djibouti Franc');
insert into currency(currency_id, iso_code, currency_name) values (42, 'DKK', 'Danish Krone');
insert into currency(currency_id, iso_code, currency_name) values (43, 'DOP', 'Dominican Peso');
insert into currency(currency_id, iso_code, currency_name) values (44, 'DZD', 'Algerian Dinar');
insert into currency(currency_id, iso_code, currency_name) values (45, 'EGP', 'Egyptian Pound');
insert into currency(currency_id, iso_code, currency_name) values (46, 'ERN', 'Nakfa');
insert into currency(currency_id, iso_code, currency_name) values (47, 'ETB', 'Ethiopian Birr');
insert into currency(currency_id, iso_code, currency_name) values (48, 'EUR', 'Euro');
insert into currency(currency_id, iso_code, currency_name) values (49, 'FJD', 'Fiji Dollar');
insert into currency(currency_id, iso_code, currency_name) values (50, 'FKP', 'Falkland Islands Pound');
insert into currency(currency_id, iso_code, currency_name) values (51, 'GBP', 'Pound Sterling');
insert into currency(currency_id, iso_code, currency_name) values (52, 'GEL', 'Lari');
insert into currency(currency_id, iso_code, currency_name) values (53, 'GHS', 'Ghana Cedi');
insert into currency(currency_id, iso_code, currency_name) values (54, 'GIP', 'Gibraltar Pound');
insert into currency(currency_id, iso_code, currency_name) values (55, 'GMD', 'Dalasi');
insert into currency(currency_id, iso_code, currency_name) values (56, 'GNF', 'Guinea Franc');
insert into currency(currency_id, iso_code, currency_name) values (57, 'GTQ', 'Quetzal');
insert into currency(currency_id, iso_code, currency_name) values (58, 'GYD', 'Guyana Dollar');
insert into currency(currency_id, iso_code, currency_name) values (59, 'HKD', 'Hong Kong Dollar');
insert into currency(currency_id, iso_code, currency_name) values (60, 'HNL', 'Lempira');
insert into currency(currency_id, iso_code, currency_name) values (61, 'HRK', 'Croatian Kuna');
insert into currency(currency_id, iso_code, currency_name) values (62, 'HTG', 'Gourde');
insert into currency(currency_id, iso_code, currency_name) values (63, 'HUF', 'Forint');
insert into currency(currency_id, iso_code, currency_name) values (64, 'IDR', 'Rupiah');
insert into currency(currency_id, iso_code, currency_name) values (65, 'ILS', 'New Israeli Sheqel');
insert into currency(currency_id, iso_code, currency_name) values (66, 'INR', 'Indian Rupee');
insert into currency(currency_id, iso_code, currency_name) values (67, 'IQD', 'Iraqi Dinar');
insert into currency(currency_id, iso_code, currency_name) values (68, 'IRR', 'Iranian Rial');
insert into currency(currency_id, iso_code, currency_name) values (69, 'ISK', 'Iceland Krona');
insert into currency(currency_id, iso_code, currency_name) values (70, 'JMD', 'Jamaican Dollar');
insert into currency(currency_id, iso_code, currency_name) values (71, 'JOD', 'Jordanian Dinar');
insert into currency(currency_id, iso_code, currency_name) values (72, 'JPY', 'Yen');
insert into currency(currency_id, iso_code, currency_name) values (73, 'KES', 'Kenyan Shilling');
insert into currency(currency_id, iso_code, currency_name) values (74, 'KGS', 'Som');
insert into currency(currency_id, iso_code, currency_name) values (75, 'KHR', 'Riel');
insert into currency(currency_id, iso_code, currency_name) values (76, 'KMF', 'Comoro Franc');
insert into currency(currency_id, iso_code, currency_name) values (77, 'KPW', 'North Korean Won');
insert into currency(currency_id, iso_code, currency_name) values (78, 'KRW', 'Won');
insert into currency(currency_id, iso_code, currency_name) values (79, 'KWD', 'Kuwaiti Dinar');
insert into currency(currency_id, iso_code, currency_name) values (80, 'KYD', 'Cayman Islands Dollar');
insert into currency(currency_id, iso_code, currency_name) values (81, 'KZT', 'Tenge');
insert into currency(currency_id, iso_code, currency_name) values (82, 'LAK', 'Kip');
insert into currency(currency_id, iso_code, currency_name) values (83, 'LBP', 'Lebanese Pound');
insert into currency(currency_id, iso_code, currency_name) values (84, 'LKR', 'Sri Lanka Rupee');
insert into currency(currency_id, iso_code, currency_name) values (85, 'LRD', 'Liberian Dollar');
insert into currency(currency_id, iso_code, currency_name) values (86, 'LSL', 'Loti');
insert into currency(currency_id, iso_code, currency_name) values (87, 'LYD', 'Libyan Dinar');
insert into currency(currency_id, iso_code, currency_name) values (88, 'MAD', 'Moroccan Dirham');
insert into currency(currency_id, iso_code, currency_name) values (89, 'MDL', 'Moldovan Leu');
insert into currency(currency_id, iso_code, currency_name) values (90, 'MGA', 'Malagasy Ariary');
insert into currency(currency_id, iso_code, currency_name) values (91, 'MKD', 'Denar');
insert into currency(currency_id, iso_code, currency_name) values (92, 'MMK', 'Kyat');
insert into currency(currency_id, iso_code, currency_name) values (93, 'MNT', 'Tugrik');
insert into currency(currency_id, iso_code, currency_name) values (94, 'MOP', 'Pataca');
insert into currency(currency_id, iso_code, currency_name) values (95, 'MRO', 'Ouguiya');
insert into currency(currency_id, iso_code, currency_name) values (96, 'MUR', 'Mauritius Rupee');
insert into currency(currency_id, iso_code, currency_name) values (97, 'MVR', 'Rufiyaa');
insert into currency(currency_id, iso_code, currency_name) values (98, 'MWK', 'Kwacha');
insert into currency(currency_id, iso_code, currency_name) values (99, 'MXN', 'Mexican Peso');
insert into currency(currency_id, iso_code, currency_name) values (100, 'MXV', 'Mexican Unidad de Inversion (UDI)');
insert into currency(currency_id, iso_code, currency_name) values (101, 'MYR', 'Malaysian Ringgit');
insert into currency(currency_id, iso_code, currency_name) values (102, 'MZN', 'Mozambique Metical');
insert into currency(currency_id, iso_code, currency_name) values (103, 'NAD', 'Namibia Dollar');
insert into currency(currency_id, iso_code, currency_name) values (104, 'NGN', 'Naira');
insert into currency(currency_id, iso_code, currency_name) values (105, 'NIO', 'Cordoba Oro');
insert into currency(currency_id, iso_code, currency_name) values (106, 'NOK', 'Norwegian Krone');
insert into currency(currency_id, iso_code, currency_name) values (107, 'NPR', 'Nepalese Rupee');
insert into currency(currency_id, iso_code, currency_name) values (108, 'NZD', 'New Zealand Dollar');
insert into currency(currency_id, iso_code, currency_name) values (109, 'OMR', 'Rial Omani');
insert into currency(currency_id, iso_code, currency_name) values (110, 'PAB', 'Balboa');
insert into currency(currency_id, iso_code, currency_name) values (111, 'PEN', 'Nuevo Sol');
insert into currency(currency_id, iso_code, currency_name) values (112, 'PGK', 'Kina');
insert into currency(currency_id, iso_code, currency_name) values (113, 'PHP', 'Philippine Peso');
insert into currency(currency_id, iso_code, currency_name) values (114, 'PKR', 'Pakistan Rupee');
insert into currency(currency_id, iso_code, currency_name) values (115, 'PLN', 'Zloty');
insert into currency(currency_id, iso_code, currency_name) values (116, 'PYG', 'Guarani');
insert into currency(currency_id, iso_code, currency_name) values (117, 'QAR', 'Qatari Rial');
insert into currency(currency_id, iso_code, currency_name) values (118, 'RON', 'New Romanian Leu');
insert into currency(currency_id, iso_code, currency_name) values (119, 'RSD', 'Serbian Dinar');
insert into currency(currency_id, iso_code, currency_name) values (120, 'RUB', 'Russian Ruble');
insert into currency(currency_id, iso_code, currency_name) values (121, 'RWF', 'Rwanda Franc');
insert into currency(currency_id, iso_code, currency_name) values (122, 'SAR', 'Saudi Riyal');
insert into currency(currency_id, iso_code, currency_name) values (123, 'SBD', 'Solomon Islands Dollar');
insert into currency(currency_id, iso_code, currency_name) values (124, 'SCR', 'Seychelles Rupee');
insert into currency(currency_id, iso_code, currency_name) values (125, 'SDG', 'Sudanese Pound');
insert into currency(currency_id, iso_code, currency_name) values (126, 'SEK', 'Swedish Krona');
insert into currency(currency_id, iso_code, currency_name) values (127, 'SGD', 'Singapore Dollar');
insert into currency(currency_id, iso_code, currency_name) values (128, 'SHP', 'Saint Helena Pound');
insert into currency(currency_id, iso_code, currency_name) values (129, 'SLL', 'Leone');
insert into currency(currency_id, iso_code, currency_name) values (130, 'SOS', 'Somali Shilling');
insert into currency(currency_id, iso_code, currency_name) values (131, 'SRD', 'Surinam Dollar');
insert into currency(currency_id, iso_code, currency_name) values (132, 'SSP', 'South Sudanese Pound');
insert into currency(currency_id, iso_code, currency_name) values (133, 'STD', 'Dobra');
insert into currency(currency_id, iso_code, currency_name) values (134, 'SVC', 'El Salvador Colon');
insert into currency(currency_id, iso_code, currency_name) values (135, 'SYP', 'Syrian Pound');
insert into currency(currency_id, iso_code, currency_name) values (136, 'SZL', 'Lilangeni');
insert into currency(currency_id, iso_code, currency_name) values (137, 'THB', 'Baht');
insert into currency(currency_id, iso_code, currency_name) values (138, 'TJS', 'Somoni');
insert into currency(currency_id, iso_code, currency_name) values (139, 'TMT', 'Turkmenistan New Manat');
insert into currency(currency_id, iso_code, currency_name) values (140, 'TND', 'Tunisian Dinar');
insert into currency(currency_id, iso_code, currency_name) values (141, 'TOP', 'Pa’anga');
insert into currency(currency_id, iso_code, currency_name) values (142, 'TRY', 'Turkish Lira');
insert into currency(currency_id, iso_code, currency_name) values (143, 'TTD', 'Trinidad and Tobago Dollar');
insert into currency(currency_id, iso_code, currency_name) values (144, 'TWD', 'New Taiwan Dollar');
insert into currency(currency_id, iso_code, currency_name) values (145, 'TZS', 'Tanzanian Shilling');
insert into currency(currency_id, iso_code, currency_name) values (146, 'UAH', 'Hryvnia');
insert into currency(currency_id, iso_code, currency_name) values (147, 'UGX', 'Uganda Shilling');
insert into currency(currency_id, iso_code, currency_name) values (148, 'USD', 'US Dollar');
insert into currency(currency_id, iso_code, currency_name) values (149, 'USN', 'US Dollar (Next day)');
insert into currency(currency_id, iso_code, currency_name) values (150, 'UYI', 'Uruguay Peso en Unidades Indexadas (URUIURUI)');
insert into currency(currency_id, iso_code, currency_name) values (151, 'UYU', 'Peso Uruguayo');
insert into currency(currency_id, iso_code, currency_name) values (152, 'UZS', 'Uzbekistan Sum');
insert into currency(currency_id, iso_code, currency_name) values (153, 'VEF', 'Bolivar');
insert into currency(currency_id, iso_code, currency_name) values (154, 'VND', 'Dong');
insert into currency(currency_id, iso_code, currency_name) values (155, 'VUV', 'Vatu');
insert into currency(currency_id, iso_code, currency_name) values (156, 'WST', 'Tala');
insert into currency(currency_id, iso_code, currency_name) values (157, 'XAF', 'CFA Franc BEAC');
insert into currency(currency_id, iso_code, currency_name) values (158, 'XCD', 'East Caribbean Dollar');
insert into currency(currency_id, iso_code, currency_name) values (159, 'XDR', 'SDR (Special Drawing Right)');
insert into currency(currency_id, iso_code, currency_name) values (160, 'XOF', 'CFA Franc BCEAO');
insert into currency(currency_id, iso_code, currency_name) values (161, 'XPF', 'CFP Franc');
insert into currency(currency_id, iso_code, currency_name) values (162, 'XSU', 'Sucre');
insert into currency(currency_id, iso_code, currency_name) values (163, 'XUA', 'ADB Unit of Account');
insert into currency(currency_id, iso_code, currency_name) values (164, 'YER', 'Yemeni Rial');
insert into currency(currency_id, iso_code, currency_name) values (165, 'ZAR', 'Rand');
insert into currency(currency_id, iso_code, currency_name) values (166, 'ZMW', 'Zambian Kwacha');
insert into currency(currency_id, iso_code, currency_name) values (167, 'ZWL', 'Zimbabwe Dollar');

insert into address(address_id, address, postal_code, city, country) values (1,'landstrasser hauptstrasse 21,3','1030','Wien','Österreich');
insert into address(address_id, address, postal_code, city, country) values (2,'landstrasser teststrasse 21,2','1030','Wien','Österreich');
insert into address(address_id, address, postal_code, city, country) values (3,'osmanstraße','1200','Wien','Österreich');
insert into address(address_id, address, postal_code, city, country) values (4,'teststrasse 5','8950','Magic City','Atlantis');
insert into address(address_id, address, postal_code, city, country) values (5,'landstrasser hauptstrasse 21,3','1030','Wien','Österreich');
insert into address(address_id, address, postal_code, city, country) values (6,'Fuxstraße 21,3','2280','Linz','Österreich');
insert into address(address_id, address, postal_code, city, country) values (7,'Berlinerhauptstrasse 10/1','5000','Berlin','Deutschland');
insert into address(address_id, address, postal_code, city, country) values (8,'landstrasser hauptstrasse 21,3','1030','Wien','Österreich');
insert into address(address_id, address, postal_code, city, country) values (9,'landstrasser hauptstrasse 21,3','1030','Wien','Österreich');
insert into address(address_id, address, postal_code, city, country) values (10,'landstrasser hauptstrasse 21,3','1030','Wien','Österreich');
insert into address(address_id, address, postal_code, city, country) values (11,'landstrasser hauptstrasse 21,3','1030','Wien','Österreich');
insert into address(address_id, address, postal_code, city, country) values (12,'landstrasser teststrasse 21,2','1030','Wien','Österreich');
insert into address(address_id, address, postal_code, city, country) values (13,'osmanstraße','1200','Wien','Österreich');
insert into address(address_id, address, postal_code, city, country) values (14,'teststrasse 5','8950','Magic City','Atlantis');
insert into address(address_id, address, postal_code, city, country) values (15,'landstrasser hauptstrasse 21,3','1030','Wien','Österreich');
insert into address(address_id, address, postal_code, city, country) values (16,'landstrasser hauptstrasse 21,3','1030','Wien','Österreich');
insert into address(address_id, address, postal_code, city, country) values (17,'landstrasser hauptstrasse 21,3','1030','Wien','Österreich');
insert into address(address_id, address, postal_code, city, country) values (18,'landstrasser hauptstrasse 21,3','1030','Wien','Österreich');
insert into address(address_id, address, postal_code, city, country) values (19,'landstrasser hauptstrasse 21,3','1030','Wien','Österreich');
insert into address(address_id, address, postal_code, city, country) values (20,'landstrasser hauptstrasse 21,3','1030','Wien','Österreich');
insert into address(address_id, address, postal_code, city, country) values (21,'landstrasser hauptstrasse 21,3','1030','Wien','Österreich');
insert into address(address_id, address, postal_code, city, country) values (22,'landstrasser teststrasse 21,2','1030','Wien','Österreich');
insert into address(address_id, address, postal_code, city, country) values (23,'osmanstraße','1200','Wien','Österreich');
insert into address(address_id, address, postal_code, city, country) values (24,'teststrasse 5','8950','Magic City','Atlantis');
insert into address(address_id, address, postal_code, city, country) values (25,'landstrasser hauptstrasse 21,3','1030','Wien','Österreich');
insert into address(address_id, address, postal_code, city, country) values (26,'Fuxstraße 21,3','2280','Linz','Österreich');
insert into address(address_id, address, postal_code, city, country) values (27,'Berlinerhauptstrasse 10/1','5000','Berlin','Deutschland');
insert into address(address_id, address, postal_code, city, country) values (28,'landstrasser hauptstrasse 21,3','1030','Wien','Österreich');
insert into address(address_id, address, postal_code, city, country) values (29,'landstrasser hauptstrasse 21,3','1030','Wien','Österreich');
insert into address(address_id, address, postal_code, city, country) values (30,'landstrasser hauptstrasse 21,3','1030','Wien','Österreich');
insert into address(address_id, address, postal_code, city, country) values (31,'landstrasser hauptstrasse 21,3','1030','Wien','Österreich');
insert into address(address_id, address, postal_code, city, country) values (32,'landstrasser teststrasse 21,2','1030','Wien','Österreich');
insert into address(address_id, address, postal_code, city, country) values (33,'osmanstraße','1200','Wien','Österreich');
insert into address(address_id, address, postal_code, city, country) values (34,'teststrasse 5','8950','Magic City','Atlantis');
insert into address(address_id, address, postal_code, city, country) values (35,'landstrasser hauptstrasse 21,3','1030','Wien','Österreich');
insert into address(address_id, address, postal_code, city, country) values (36,'landstrasser hauptstrasse 21,3','1030','Wien','Österreich');
insert into address(address_id, address, postal_code, city, country) values (37,'landstrasser hauptstrasse 21,3','1030','Wien','Österreich');
insert into address(address_id, address, postal_code, city, country) values (38,'landstrasser hauptstrasse 21,3','1030','Wien','Österreich');
insert into address(address_id, address, postal_code, city, country) values (39,'landstrasser hauptstrasse 21,3','1030','Wien','Österreich');
insert into address(address_id, address, postal_code, city, country) values (40,'landstrasser hauptstrasse 21,3','1030','Wien','Österreich');

insert into guest(guest_id,invoice_address_id,account_id,profile_description,contact_email,contact_phone) values(1,1,1,'dafgagafjahfajklfah afasjashashkas','testemail@email.com','02125731363');
insert into guest(guest_id,invoice_address_id,account_id,profile_description,contact_email,contact_phone) values(2,2,2,'dafgagafjahfajklfah afasjashashkas','testemail@email.com','02125731363');
insert into guest(guest_id,invoice_address_id,account_id,profile_description,contact_email,contact_phone) values(3,3,3,'dafgagafjahfajklfah afasjashaskas','testemail@email.com','02125731363');
insert into guest(guest_id,invoice_address_id,account_id,profile_description,contact_email,contact_phone) values(4,4,4,'dafgagafjahfajklfah ','testemail@email.com','02125731363');
insert into guest(guest_id,invoice_address_id,account_id,profile_description,contact_email,contact_phone) values(5,5,5,'dafgagafjahfajklfah afasjashashkas','testemail@email.com','02125731363');
insert into guest(guest_id,invoice_address_id,account_id,profile_description,contact_email,contact_phone) values(6,6,6,'dafgagafjahfajklfah afasjashashkas','testemail@email.com','02125731363');
insert into guest(guest_id,invoice_address_id,account_id,profile_description,contact_email,contact_phone) values(7,7,7,'dafgagafjahfajklfah afasjashashkas','testemail@email.com','02125731363');
insert into guest(guest_id,invoice_address_id,account_id,profile_description,contact_email,contact_phone) values(8,8,8,'dafgagafjahfajklfah afasjashashkas','testemail@email.com','02125731363');
insert into guest(guest_id,invoice_address_id,account_id,profile_description,contact_email,contact_phone) values(9,9,9,'dafgagafjahfajklfah afasjashashkas','testemail@email.com','02125731363');
insert into guest(guest_id,invoice_address_id,account_id,profile_description,contact_email,contact_phone) values(10,10,10,'dafgagafjahfajklfah afasjashashkas','testemail@email.com','02125731363');
insert into guest(guest_id,invoice_address_id,account_id,profile_description,contact_email,contact_phone) values(11,31,31,'dafgagafjahfajklfah afasjashashkas','testemail@email.com','02125731363');
insert into guest(guest_id,invoice_address_id,account_id,profile_description,contact_email,contact_phone) values(12,32,32,'dafgagafjahfajklfah afasjashashkas','testemail@email.com','02125731363');
insert into guest(guest_id,invoice_address_id,account_id,profile_description,contact_email,contact_phone) values(13,33,33,'dafgagafjahfajklfah afasjashaskas','testemail@email.com','02125731363');
insert into guest(guest_id,invoice_address_id,account_id,profile_description,contact_email,contact_phone) values(14,34,34,'dafgagafjahfajklfah ','testemail@email.com','02125731363');
insert into guest(guest_id,invoice_address_id,account_id,profile_description,contact_email,contact_phone) values(15,35,35,'dafgagafjahfajklfah afasjashashkas','testemail@email.com','02125731363');
insert into guest(guest_id,invoice_address_id,account_id,profile_description,contact_email,contact_phone) values(16,36,36,'dafgagafjahfajklfah afasjashashkas','testemail@email.com','02125731363');
insert into guest(guest_id,invoice_address_id,account_id,profile_description,contact_email,contact_phone) values(17,37,37,'dafgagafjahfajklfah afasjashashkas','testemail@email.com','02125731363');
insert into guest(guest_id,invoice_address_id,account_id,profile_description,contact_email,contact_phone) values(18,38,38,'dafgagafjahfajklfah afasjashashkas','testemail@email.com','02125731363');
insert into guest(guest_id,invoice_address_id,account_id,profile_description,contact_email,contact_phone) values(19,39,39,'dafgagafjahfajklfah afasjashashkas','testemail@email.com','02125731363');
insert into guest(guest_id,invoice_address_id,account_id,profile_description,contact_email,contact_phone) values(20,40,40,'dafgagafjahfajklfah afasjashashkas','testemail@email.com','02125731363');

insert into host(host_id, invoice_address_id, account_id, profile_description, contact_email, contact_phone, bank_account_number, iban, bic) values (1,11,11,'this is a test profile description', 'test_email@email.com','05555444','1234563','AT8944500004456','GETAAAX' );
insert into host(host_id, invoice_address_id, account_id, profile_description, contact_email, contact_phone, bank_account_number, iban, bic) values (2,12,12,'Lorem ipsum dolor sit amet, consectetur adipiscing elit, sed do eiusmod tempor incididunt ut labore et dolore magna aliqua. Ut enim ad minim veniam, quis nostrud exercitation ullamco laboris nisi ut aliquip ex ea commodo consequat. Duis aute irure dolor in reprehenderit in voluptate velit esse cillum dolore eu fugiat nulla pariatur. Excepteur sint occaecat cupidatat non proident, sunt in culpa qui officia deserunt mollit anim id est laborum.', 'test_email2@email.com','05555442','22234563','DE8944500004456','BNKBICC');
insert into host(host_id, invoice_address_id, account_id, profile_description, contact_email, contact_phone, bank_account_number, iban, bic) values (3,13,13,'this is a test profile description', 'test_email@email.com','05555444','1234563','AT8944500004456','GETAAAX' );
insert into host(host_id, invoice_address_id, account_id, profile_description, contact_email, contact_phone, bank_account_number, iban, bic) values (4,14,14,'Lorem ipsum dolor sit amet, consectetur adipiscing elit, sed do eiusmod tempor incididunt ut labore et dolore magna aliqua. Ut enim ad minim veniam, quis nostrud exercitation ullamco laboris nisi ut aliquip ex ea commodo consequat. Duis aute irure dolor in reprehenderit in voluptate velit esse cillum dolore eu fugiat nulla pariatur. Excepteur sint occaecat cupidatat non proident, sunt in culpa qui officia deserunt mollit anim id est laborum.', 'test_email2@email.com','05555442','22234563','DE8944500004456','BNKBICC');
insert into host(host_id, invoice_address_id, account_id, profile_description, contact_email, contact_phone, bank_account_number, iban, bic) values (5,15,15,'this is a test profile description', 'test_email@email.com','05555444','1234563','AT8944500004456','GETAAAX' );
insert into host(host_id, invoice_address_id, account_id, profile_description, contact_email, contact_phone, bank_account_number, iban, bic) values (6,16,16,'Lorem ipsum dolor sit amet, consectetur adipiscing elit, sed do eiusmod tempor incididunt ut labore et dolore magna aliqua. Ut enim ad minim veniam, quis nostrud exercitation ullamco laboris nisi ut aliquip ex ea commodo consequat. Duis aute irure dolor in reprehenderit in voluptate velit esse cillum dolore eu fugiat nulla pariatur. Excepteur sint occaecat cupidatat non proident, sunt in culpa qui officia deserunt mollit anim id est laborum.'    , 'test_email2@email.com','05555442','22234563','DE8944500004456','BNKBICC');
insert into host(host_id, invoice_address_id, account_id, profile_description, contact_email, contact_phone, bank_account_number, iban, bic) values (7,17,17,'this is a test profile description', 'test_email@email.com','05555444','1234563','AT8944500004456','GETAAAX' );
insert into host(host_id, invoice_address_id, account_id, profile_description, contact_email, contact_phone, bank_account_number, iban, bic) values (8,18,18,'Lorem ipsum dolor sit amet, consectetur adipiscing elit, sed do eiusmod tempor incididunt ut labore et dolore magna aliqua. Ut enim ad minim veniam, quis nostrud exercitation ullamco laboris nisi ut aliquip ex ea commodo consequat. Duis aute irure dolor in reprehenderit in voluptate velit esse cillum dolore eu fugiat nulla pariatur. Excepteur sint occaecat cupidatat non proident, sunt in culpa qui officia deserunt mollit anim id est laborum.'    , 'test_email2@email.com','05555442','22234563','DE8944500004456','BNKBICC');
insert into host(host_id, invoice_address_id, account_id, profile_description, contact_email, contact_phone, bank_account_number, iban, bic) values (9,19,19,'this is a test profile description', 'test_email@email.com','05555444','1234563','AT8944500004456','GETAAAX' );
insert into host(host_id, invoice_address_id, account_id, profile_description, contact_email, contact_phone, bank_account_number, iban, bic) values (10,20,20,'Lorem ipsum dolor sit amet, consectetur adipiscing elit, sed do eiusmod tempor incididunt ut labore et dolore magna aliqua. Ut enim ad minim veniam, quis nostrud exercitation ullamco laboris nisi ut aliquip ex ea commodo consequat. Duis aute irure dolor in reprehenderit in voluptate velit esse cillum dolore eu fugiat nulla pariatur. Excepteur sint occaecat cupidatat non proident, sunt in culpa qui officia deserunt mollit anim id est laborum.'    , 'test_email2@email.com','05555442','22234563','DE8944500004456','BNKBICC');
insert into host(host_id, invoice_address_id, account_id, profile_description, contact_email, contact_phone, bank_account_number, iban, bic) values (11,21,21,'this is a test profile description', 'test_email@email.com','05555444','1234563','AT8944500004456','GETAAAX' );
insert into host(host_id, invoice_address_id, account_id, profile_description, contact_email, contact_phone, bank_account_number, iban, bic) values (12,22,22,'Lorem ipsum dolor sit amet, consectetur adipiscing elit, sed do eiusmod tempor incididunt ut labore et dolore magna aliqua. Ut enim ad minim veniam, quis nostrud exercitation ullamco laboris nisi ut aliquip ex ea commodo consequat. Duis aute irure dolor in reprehenderit in voluptate velit esse cillum dolore eu fugiat nulla pariatur. Excepteur sint occaecat cupidatat non proident, sunt in culpa qui officia deserunt mollit anim id est laborum.'    , 'test_email2@email.com','05555442','22234563','DE8944500004456','BNKBICC');
insert into host(host_id, invoice_address_id, account_id, profile_description, contact_email, contact_phone, bank_account_number, iban, bic) values (13,23,23,'this is a test profile description', 'test_email@email.com','05555444','1234563','AT8944500004456','GETAAAX' );
insert into host(host_id, invoice_address_id, account_id, profile_description, contact_email, contact_phone, bank_account_number, iban, bic) values (14,24,24,'Lorem ipsum dolor sit amet, consectetur adipiscing elit, sed do eiusmod tempor incididunt ut labore et dolore magna aliqua. Ut enim ad minim veniam, quis nostrud exercitation ullamco laboris nisi ut aliquip ex ea commodo consequat. Duis aute irure dolor in reprehenderit in voluptate velit esse cillum dolore eu fugiat nulla pariatur. Excepteur sint occaecat cupidatat non proident, sunt in culpa qui officia deserunt mollit anim id est laborum.'    , 'test_email2@email.com','05555442','22234563','DE8944500004456','BNKBICC');
insert into host(host_id, invoice_address_id, account_id, profile_description, contact_email, contact_phone, bank_account_number, iban, bic) values (15,25,25,'this is a test profile description', 'test_email@email.com','05555444','1234563','AT8944500004456','GETAAAX' );
insert into host(host_id, invoice_address_id, account_id, profile_description, contact_email, contact_phone, bank_account_number, iban, bic) values (16,26,26,'Lorem ipsum dolor sit amet, consectetur adipiscing elit, sed do eiusmod tempor incididunt ut labore et dolore magna aliqua. Ut enim ad minim veniam, quis nostrud exercitation ullamco laboris nisi ut aliquip ex ea commodo consequat. Duis aute irure dolor in reprehenderit in voluptate velit esse cillum dolore eu fugiat nulla pariatur. Excepteur sint occaecat cupidatat non proident, sunt in culpa qui officia deserunt mollit anim id est laborum.'    , 'test_email2@email.com','05555442','22234563','DE8944500004456','BNKBICC');
insert into host(host_id, invoice_address_id, account_id, profile_description, contact_email, contact_phone, bank_account_number, iban, bic) values (17,27,27,'this is a test profile description', 'test_email@email.com','05555444','1234563','AT8944500004456','GETAAAX' );
insert into host(host_id, invoice_address_id, account_id, profile_description, contact_email, contact_phone, bank_account_number, iban, bic) values (18,28,28,'Lorem ipsum dolor sit amet, consectetur adipiscing elit, sed do eiusmod tempor incididunt ut labore et dolore magna aliqua. Ut enim ad minim veniam, quis nostrud exercitation ullamco laboris nisi ut aliquip ex ea commodo consequat. Duis aute irure dolor in reprehenderit in voluptate velit esse cillum dolore eu fugiat nulla pariatur. Excepteur sint occaecat cupidatat non proident, sunt in culpa qui officia deserunt mollit anim id est laborum.'    , 'test_email2@email.com','05555442','22234563','DE8944500004456','BNKBICC');
insert into host(host_id, invoice_address_id, account_id, profile_description, contact_email, contact_phone, bank_account_number, iban, bic) values (19,29,29,'this is a test profile description', 'test_email@email.com','05555444','1234563','AT8944500004456','GETAAAX' );
insert into host(host_id, invoice_address_id, account_id, profile_description, contact_email, contact_phone, bank_account_number, iban, bic) values (20,30,30,'Lorem ipsum dolor sit amet, consectetur adipiscing elit, sed do eiusmod tempor incididunt ut labore et dolore magna aliqua. Ut enim ad minim veniam, quis nostrud exercitation ullamco laboris nisi ut aliquip ex ea commodo consequat. Duis aute irure dolor in reprehenderit in voluptate velit esse cillum dolore eu fugiat nulla pariatur. Excepteur sint occaecat cupidatat non proident, sunt in culpa qui officia deserunt mollit anim id est laborum.'    , 'test_email2@email.com','05555442','22234563','DE8944500004456','BNKBICC');

insert into social_media_profile_host(social_media_profile_id, host_id, social_media_type_id, account_url) values(1, 1, 1,'https://www.facebook.com/sharer.php?u=test');
insert into social_media_profile_host(social_media_profile_id, host_id, social_media_type_id, account_url) values(2, 2, 2,'https://www.facebook.com/sharer.php?u=test1');
insert into social_media_profile_host(social_media_profile_id, host_id, social_media_type_id, account_url) values(3, 3, 3,'https://www.facebook.com/sharer.php?u=test2');
insert into social_media_profile_host(social_media_profile_id, host_id, social_media_type_id, account_url) values(4, 4, 4,'https://www.facebook.com/sharer.php?u=test3');
insert into social_media_profile_host(social_media_profile_id, host_id, social_media_type_id, account_url) values(5, 5, 5,'https://www.facebook.com/sharer.php?u=test4');
insert into social_media_profile_host(social_media_profile_id, host_id, social_media_type_id, account_url) values(6, 6, 6,'https://www.facebook.com/sharer.php?u=test5');
insert into social_media_profile_host(social_media_profile_id, host_id, social_media_type_id, account_url) values(7, 7, 7,'https://www.facebook.com/sharer.php?u=test6');
insert into social_media_profile_host(social_media_profile_id, host_id, social_media_type_id, account_url) values(8, 8, 8,'https://www.facebook.com/sharer.php?u=test7');
insert into social_media_profile_host(social_media_profile_id, host_id, social_media_type_id, account_url) values(9, 9, 9,'https://www.facebook.com/sharer.php?u=test8');
insert into social_media_profile_host(social_media_profile_id, host_id, social_media_type_id, account_url) values(10, 10, 10,'https://www.facebook.com/sharer.php?u=test9');
insert into social_media_profile_host(social_media_profile_id, host_id, social_media_type_id, account_url) values(11, 11, 11,'https://www.facebook.com/sharer.php?u=test10');
insert into social_media_profile_host(social_media_profile_id, host_id, social_media_type_id, account_url) values(12, 12, 12,'https://www.facebook.com/sharer.php?u=test11');
insert into social_media_profile_host(social_media_profile_id, host_id, social_media_type_id, account_url) values(13, 13, 13,'https://www.facebook.com/sharer.php?u=test12');
insert into social_media_profile_host(social_media_profile_id, host_id, social_media_type_id, account_url) values(14, 14, 14,'https://www.facebook.com/sharer.php?u=test13');
insert into social_media_profile_host(social_media_profile_id, host_id, social_media_type_id, account_url) values(15, 15, 15,'https://www.facebook.com/sharer.php?u=test14');
insert into social_media_profile_host(social_media_profile_id, host_id, social_media_type_id, account_url) values(16, 16, 16,'https://www.facebook.com/sharer.php?u=test15');
insert into social_media_profile_host(social_media_profile_id, host_id, social_media_type_id, account_url) values(17, 17, 17,'https://www.facebook.com/sharer.php?u=test16');
insert into social_media_profile_host(social_media_profile_id, host_id, social_media_type_id, account_url) values(18, 18, 18,'https://www.facebook.com/sharer.php?u=test17');
insert into social_media_profile_host(social_media_profile_id, host_id, social_media_type_id, account_url) values(19, 19, 19,'https://www.facebook.com/sharer.php?u=test18');
insert into social_media_profile_host(social_media_profile_id, host_id, social_media_type_id, account_url) values(20, 20, 20,'https://www.facebook.com/sharer.php?u=test19');

insert into social_media_profile_guest(social_media_profile_id, host_id, social_media_type_id, account_url) values(1, 1, 1,'https://www.facebook.com/sharer.php?u=test');
insert into social_media_profile_guest(social_media_profile_id, host_id, social_media_type_id, account_url) values(2, 2, 2,'https://www.facebook.com/sharer.php?u=test1');
insert into social_media_profile_guest(social_media_profile_id, host_id, social_media_type_id, account_url) values(3, 3, 3,'https://www.facebook.com/sharer.php?u=test2');
insert into social_media_profile_guest(social_media_profile_id, host_id, social_media_type_id, account_url) values(4, 4, 4,'https://www.facebook.com/sharer.php?u=test3');
insert into social_media_profile_guest(social_media_profile_id, host_id, social_media_type_id, account_url) values(5, 5, 5,'https://www.facebook.com/sharer.php?u=test4');
insert into social_media_profile_guest(social_media_profile_id, host_id, social_media_type_id, account_url) values(6, 6, 6,'https://www.facebook.com/sharer.php?u=test5');
insert into social_media_profile_guest(social_media_profile_id, host_id, social_media_type_id, account_url) values(7, 7, 7,'https://www.facebook.com/sharer.php?u=test6');
insert into social_media_profile_guest(social_media_profile_id, host_id, social_media_type_id, account_url) values(8, 8, 8,'https://www.facebook.com/sharer.php?u=test7');
insert into social_media_profile_guest(social_media_profile_id, host_id, social_media_type_id, account_url) values(9, 9, 9,'https://www.facebook.com/sharer.php?u=test8');
insert into social_media_profile_guest(social_media_profile_id, host_id, social_media_type_id, account_url) values(10, 10, 10,'https://www.facebook.com/sharer.php?u=test9');
insert into social_media_profile_guest(social_media_profile_id, host_id, social_media_type_id, account_url) values(11, 11, 11,'https://www.facebook.com/sharer.php?u=test10');
insert into social_media_profile_guest(social_media_profile_id, host_id, social_media_type_id, account_url) values(12, 12, 12,'https://www.facebook.com/sharer.php?u=test11');
insert into social_media_profile_guest(social_media_profile_id, host_id, social_media_type_id, account_url) values(13, 13, 13,'https://www.facebook.com/sharer.php?u=test12');
insert into social_media_profile_guest(social_media_profile_id, host_id, social_media_type_id, account_url) values(14, 14, 14,'https://www.facebook.com/sharer.php?u=test13');
insert into social_media_profile_guest(social_media_profile_id, host_id, social_media_type_id, account_url) values(15, 15, 15,'https://www.facebook.com/sharer.php?u=test14');
insert into social_media_profile_guest(social_media_profile_id, host_id, social_media_type_id, account_url) values(16, 16, 16,'https://www.facebook.com/sharer.php?u=test15');
insert into social_media_profile_guest(social_media_profile_id, host_id, social_media_type_id, account_url) values(17, 17, 17,'https://www.facebook.com/sharer.php?u=test16');
insert into social_media_profile_guest(social_media_profile_id, host_id, social_media_type_id, account_url) values(18, 18, 18,'https://www.facebook.com/sharer.php?u=test17');
insert into social_media_profile_guest(social_media_profile_id, host_id, social_media_type_id, account_url) values(19, 19, 19,'https://www.facebook.com/sharer.php?u=test18');
insert into social_media_profile_guest(social_media_profile_id, host_id, social_media_type_id, account_url) values(20, 20, 20,'https://www.facebook.com/sharer.php?u=test19');

insert into profile_pic_guest(picture_id, guest_id, file_location, title) values (1,1,'/images/profiles/testprofile.jpg','profile_pic_test_user');

commit;