INSERT INTO account(account_id,user_name,email,password_hash,first_name,last_name) VALUES('1','cilginselin123','cilginselin123@gmail.com','#%§$&FGDS','selin','schmidt');
INSERT INTO account(account_id,user_name,email,password_hash,first_name,last_name) VALUES('2','gdemirkol315','gdemirkol315@gmail.com','#%§$&FGDS','görkem','demirkol');
INSERT INTO account(account_id,user_name,email,password_hash,first_name,last_name) VALUES('3','darkdefender','darkdefender@gmail.com','#%§$&FGDS','osman','abi');
INSERT INTO account(account_id,user_name,email,password_hash,first_name,last_name) VALUES('4','airbnb_user_test','airbnb_user_test@gmail.com','#%§$&FGDS','airbnb_user_test_name','airbnb_user_test_last_name');
INSERT INTO account(account_id,user_name,email,password_hash,first_name,last_name) VALUES('5','airbnb_user_test1','airbnb_user_test1@gmail.com','#%§$&FGDS','airbnb_user_test_name1','airbnb_user_test_last_name1');
INSERT INTO account(account_id,user_name,email,password_hash,first_name,last_name) VALUES('6','airbnb_user_test2','airbnb_user_test2@gmail.com','#%§$&FGDS','airbnb_user_test_name2','airbnb_user_test_last_name2');
INSERT INTO account(account_id,user_name,email,password_hash,first_name,last_name) VALUES('7','airbnb_user_test3','airbnb_user_test3@gmail.com','#%§$&FGDS','airbnb_user_test_name3','airbnb_user_test_last_name3');
INSERT INTO account(account_id,user_name,email,password_hash,first_name,last_name) VALUES('8','airbnb_user_test4','airbnb_user_test4@gmail.com','#%§$&FGDS','airbnb_user_test_name4','airbnb_user_test_last_name4');
INSERT INTO account(account_id,user_name,email,password_hash,first_name,last_name) VALUES('9','airbnb_user_test5','airbnb_user_test5@gmail.com','#%§$&FGDS','airbnb_user_test_name5','airbnb_user_test_last_name5');
INSERT INTO account(account_id,user_name,email,password_hash,first_name,last_name) VALUES('10','airbnb_user_test6','airbnb_user_test6@gmail.com','#%§$&FGDS','airbnb_user_test_name6','airbnb_user_test_last_name6');
INSERT INTO account(account_id,user_name,email,password_hash,first_name,last_name) VALUES('11','cilginselin123','cilginselin123@gmail.com','#%§$&FGDS','selin','schmidt');
INSERT INTO account(account_id,user_name,email,password_hash,first_name,last_name) VALUES('12','gdemirkol315','gdemirkol315@gmail.com','#%§$&FGDS','görkem','demirkol');
INSERT INTO account(account_id,user_name,email,password_hash,first_name,last_name) VALUES('13','darkdefender','darkdefender@gmail.com','#%§$&FGDS','osman','abi');
INSERT INTO account(account_id,user_name,email,password_hash,first_name,last_name) VALUES('14','airbnb_user_test10','airbnb_user_test@gmail.com','#%§$&FGDS','airbnb_user_test_name','airbnb_user_test_last_name');
INSERT INTO account(account_id,user_name,email,password_hash,first_name,last_name) VALUES('15','airbnb_user_test11','airbnb_user_test1@gmail.com','#%§$&FGDS','airbnb_user_test_name1','airbnb_user_test_last_name1');
INSERT INTO account(account_id,user_name,email,password_hash,first_name,last_name) VALUES('16','airbnb_user_test12','airbnb_user_test2@gmail.com','#%§$&FGDS','airbnb_user_test_name2','airbnb_user_test_last_name2');
INSERT INTO account(account_id,user_name,email,password_hash,first_name,last_name) VALUES('17','airbnb_user_test13','airbnb_user_test3@gmail.com','#%§$&FGDS','airbnb_user_test_name3','airbnb_user_test_last_name3');
INSERT INTO account(account_id,user_name,email,password_hash,first_name,last_name) VALUES('18','airbnb_user_test14','airbnb_user_test4@gmail.com','#%§$&FGDS','airbnb_user_test_name4','airbnb_user_test_last_name4');
INSERT INTO account(account_id,user_name,email,password_hash,first_name,last_name) VALUES('19','airbnb_user_test15','airbnb_user_test5@gmail.com','#%§$&FGDS','airbnb_user_test_name5','airbnb_user_test_last_name5');
INSERT INTO account(account_id,user_name,email,password_hash,first_name,last_name) VALUES('20','airbnb_user_test16','airbnb_user_test6@gmail.com','#%§$&FGDS','airbnb_user_test_name6','airbnb_user_test_last_name6');
INSERT INTO account(account_id,user_name,email,password_hash,first_name,last_name) VALUES('21','cilginselin12387','cilginselin123@gmail.com','#%§$&FGDS','selin','schmidt');
INSERT INTO account(account_id,user_name,email,password_hash,first_name,last_name) VALUES('22','gdemirkol3187','gdemirkol315@gmail.com','#%§$&FGDS','görkem','demirkol');
INSERT INTO account(account_id,user_name,email,password_hash,first_name,last_name) VALUES('23','darkdefender156','darkdefender@gmail.com','#%§$&FGDS','osman','abi');
INSERT INTO account(account_id,user_name,email,password_hash,first_name,last_name) VALUES('24','airbnb_user_test20','airbnb_user_test@gmail.com','#%§$&FGDS','airbnb_user_test_name','airbnb_user_test_last_name');
INSERT INTO account(account_id,user_name,email,password_hash,first_name,last_name) VALUES('25','airbnb_user_test21','airbnb_user_test1@gmail.com','#%§$&FGDS','airbnb_user_test_name1','airbnb_user_test_last_name1');
INSERT INTO account(account_id,user_name,email,password_hash,first_name,last_name) VALUES('26','airbnb_user_test22','airbnb_user_test2@gmail.com','#%§$&FGDS','airbnb_user_test_name2','airbnb_user_test_last_name2');
INSERT INTO account(account_id,user_name,email,password_hash,first_name,last_name) VALUES('27','airbnb_user_test23','airbnb_user_test3@gmail.com','#%§$&FGDS','airbnb_user_test_name3','airbnb_user_test_last_name3');
INSERT INTO account(account_id,user_name,email,password_hash,first_name,last_name) VALUES('28','airbnb_user_test24','airbnb_user_test4@gmail.com','#%§$&FGDS','airbnb_user_test_name4','airbnb_user_test_last_name4');
INSERT INTO account(account_id,user_name,email,password_hash,first_name,last_name) VALUES('29','airbnb_user_test25','airbnb_user_test5@gmail.com','#%§$&FGDS','airbnb_user_test_name5','airbnb_user_test_last_name5');
INSERT INTO account(account_id,user_name,email,password_hash,first_name,last_name) VALUES('30','airbnb_user_test26','airbnb_user_test6@gmail.com','#%§$&FGDS','airbnb_user_test_name6','airbnb_user_test_last_name6');
INSERT INTO account(account_id,user_name,email,password_hash,first_name,last_name) VALUES('31','cilginselin1234','cilginselin123@gmail.com','#%§$&FGDS','selin','schmidt');
INSERT INTO account(account_id,user_name,email,password_hash,first_name,last_name) VALUES('32','gdemirkol316','gdemirkol315@gmail.com','#%§$&FGDS','görkem','demirkol');
INSERT INTO account(account_id,user_name,email,password_hash,first_name,last_name) VALUES('33','darkdefender123','darkdefender@gmail.com','#%§$&FGDS','osman','abi');
INSERT INTO account(account_id,user_name,email,password_hash,first_name,last_name) VALUES('34','airbnb_user_test30','airbnb_user_test@gmail.com','#%§$&FGDS','airbnb_user_test_name','airbnb_user_test_last_name');
INSERT INTO account(account_id,user_name,email,password_hash,first_name,last_name) VALUES('35','airbnb_user_test31','airbnb_user_test1@gmail.com','#%§$&FGDS','airbnb_user_test_name1','airbnb_user_test_last_name1');
INSERT INTO account(account_id,user_name,email,password_hash,first_name,last_name) VALUES('36','airbnb_user_test32','airbnb_user_test2@gmail.com','#%§$&FGDS','airbnb_user_test_name2','airbnb_user_test_last_name2');
INSERT INTO account(account_id,user_name,email,password_hash,first_name,last_name) VALUES('37','airbnb_user_test33','airbnb_user_test3@gmail.com','#%§$&FGDS','airbnb_user_test_name3','airbnb_user_test_last_name3');
INSERT INTO account(account_id,user_name,email,password_hash,first_name,last_name) VALUES('38','airbnb_user_test34','airbnb_user_test4@gmail.com','#%§$&FGDS','airbnb_user_test_name4','airbnb_user_test_last_name4');
INSERT INTO account(account_id,user_name,email,password_hash,first_name,last_name) VALUES('39','airbnb_user_test35','airbnb_user_test5@gmail.com','#%§$&FGDS','airbnb_user_test_name5','airbnb_user_test_last_name5');
INSERT INTO account(account_id,user_name,email,password_hash,first_name,last_name) VALUES('40','airbnb_user_test36','airbnb_user_test6@gmail.com','#%§$&FGDS','airbnb_user_test_name6','airbnb_user_test_last_name6');

INSERT INTO social_media_type(social_media_type_id,social_media_platform_name) VALUES (1,'Facebook');
INSERT INTO social_media_type(social_media_type_id,social_media_platform_name) VALUES (2,'Instagram');
INSERT INTO social_media_type(social_media_type_id,social_media_platform_name) VALUES (3,'Twitter');
INSERT INTO social_media_type(social_media_type_id,social_media_platform_name) VALUES (4,'Tiktok');
INSERT INTO social_media_type(social_media_type_id,social_media_platform_name) VALUES (5,'Youtube');
INSERT INTO social_media_type(social_media_type_id,social_media_platform_name) VALUES (6,'LinkedIn');
INSERT INTO social_media_type(social_media_type_id,social_media_platform_name) VALUES (7,'VK');
INSERT INTO social_media_type(social_media_type_id,social_media_platform_name) VALUES (8,'Xing');
INSERT INTO social_media_type(social_media_type_id,social_media_platform_name) VALUES (9,'Pinterest');
INSERT INTO social_media_type(social_media_type_id,social_media_platform_name) VALUES (10,'Tumblr');
INSERT INTO social_media_type(social_media_type_id,social_media_platform_name) VALUES (11,'Flickr');
INSERT INTO social_media_type(social_media_type_id,social_media_platform_name) VALUES (12,'Reddit');
INSERT INTO social_media_type(social_media_type_id,social_media_platform_name) VALUES (13,'Snapchat');
INSERT INTO social_media_type(social_media_type_id,social_media_platform_name) VALUES (14,'Quora');
INSERT INTO social_media_type(social_media_type_id,social_media_platform_name) VALUES (15,'WhatsApp');
INSERT INTO social_media_type(social_media_type_id,social_media_platform_name) VALUES (16,'Vimeo');
INSERT INTO social_media_type(social_media_type_id,social_media_platform_name) VALUES (17,'Viber');
INSERT INTO social_media_type(social_media_type_id,social_media_platform_name) VALUES (18,'Medium');
INSERT INTO social_media_type(social_media_type_id,social_media_platform_name) VALUES (19,'Digg');
INSERT INTO social_media_type(social_media_type_id,social_media_platform_name) VALUES (20,'WeChat');

INSERT INTO credit_card_vendor(credit_card_vendor_id, credit_card_vendor) VALUES (1,'visa');
INSERT INTO credit_card_vendor(credit_card_vendor_id, credit_card_vendor) VALUES (2,'master');
INSERT INTO credit_card_vendor(credit_card_vendor_id, credit_card_vendor) VALUES (3,'maestro');
INSERT INTO credit_card_vendor(credit_card_vendor_id, credit_card_vendor) VALUES (4,'paypal');
INSERT INTO credit_card_vendor(credit_card_vendor_id, credit_card_vendor) VALUES (5,'paydirect');
INSERT INTO credit_card_vendor(credit_card_vendor_id, credit_card_vendor) VALUES (6,'americanexpress');

INSERT INTO payment_status(payment_status_id, payment_status) VALUES (1, 'PENDING');
INSERT INTO payment_status(payment_status_id, payment_status) VALUES (2, 'REJECTED');
INSERT INTO payment_status(payment_status_id, payment_status) VALUES (3, 'SUCCESSFUL');

INSERT INTO accomodation_type(accomodation_type_id, accomodation_type) VALUES (1, 'villa');
INSERT INTO accomodation_type(accomodation_type_id, accomodation_type) VALUES (2, 'apartment');
INSERT INTO accomodation_type(accomodation_type_id, accomodation_type) VALUES (3, 'private room');
INSERT INTO accomodation_type(accomodation_type_id, accomodation_type) VALUES (4, 'shared room');
INSERT INTO accomodation_type(accomodation_type_id, accomodation_type) VALUES (5, 'camping place');

INSERT INTO currency(currency_id, iso_code, currency_name) VALUES (1, 'AED', 'UAE Dirham');
INSERT INTO currency(currency_id, iso_code, currency_name) VALUES (2, 'ALL', 'Lek');
INSERT INTO currency(currency_id, iso_code, currency_name) VALUES (3, 'AMD', 'Armenian Dram');
INSERT INTO currency(currency_id, iso_code, currency_name) VALUES (4, 'ANG', 'Netherlands Antillean Guilder');
INSERT INTO currency(currency_id, iso_code, currency_name) VALUES (5, 'AOA', 'Kwanza');
INSERT INTO currency(currency_id, iso_code, currency_name) VALUES (6, 'ARS', 'Argentine Peso');
INSERT INTO currency(currency_id, iso_code, currency_name) VALUES (7, 'AUD', 'Australian Dollar');
INSERT INTO currency(currency_id, iso_code, currency_name) VALUES (8, 'AWG', 'Aruban Florin');
INSERT INTO currency(currency_id, iso_code, currency_name) VALUES (9, 'AZN', 'Azerbaijanian Manat');
INSERT INTO currency(currency_id, iso_code, currency_name) VALUES (10, 'BAM', 'Convertible Mark');
INSERT INTO currency(currency_id, iso_code, currency_name) VALUES (11, 'BBD', 'Barbados Dollar');
INSERT INTO currency(currency_id, iso_code, currency_name) VALUES (12, 'BDT', 'Taka');
INSERT INTO currency(currency_id, iso_code, currency_name) VALUES (13, 'BGN', 'Bulgarian Lev');
INSERT INTO currency(currency_id, iso_code, currency_name) VALUES (14, 'BHD', 'Bahraini Dinar');
INSERT INTO currency(currency_id, iso_code, currency_name) VALUES (15, 'BIF', 'Burundi Franc');
INSERT INTO currency(currency_id, iso_code, currency_name) VALUES (16, 'BMD', 'Bermudian Dollar');
INSERT INTO currency(currency_id, iso_code, currency_name) VALUES (17, 'BND', 'Brunei Dollar');
INSERT INTO currency(currency_id, iso_code, currency_name) VALUES (18, 'BOB', 'Boliviano');
INSERT INTO currency(currency_id, iso_code, currency_name) VALUES (19, 'BOV', 'Mvdol');
INSERT INTO currency(currency_id, iso_code, currency_name) VALUES (20, 'BRL', 'Brazilian Real');
INSERT INTO currency(currency_id, iso_code, currency_name) VALUES (21, 'BSD', 'Bahamian Dollar');
INSERT INTO currency(currency_id, iso_code, currency_name) VALUES (22, 'BTN', 'Ngultrum');
INSERT INTO currency(currency_id, iso_code, currency_name) VALUES (23, 'BWP', 'Pula');
INSERT INTO currency(currency_id, iso_code, currency_name) VALUES (24, 'BYR', 'Belarussian Ruble');
INSERT INTO currency(currency_id, iso_code, currency_name) VALUES (25, 'BZD', 'Belize Dollar');
INSERT INTO currency(currency_id, iso_code, currency_name) VALUES (26, 'CAD', 'Canadian Dollar');
INSERT INTO currency(currency_id, iso_code, currency_name) VALUES (27, 'CDF', 'Congolese Franc');
INSERT INTO currency(currency_id, iso_code, currency_name) VALUES (28, 'CHE', 'WIR Euro');
INSERT INTO currency(currency_id, iso_code, currency_name) VALUES (29, 'CHF', 'Swiss Franc');
INSERT INTO currency(currency_id, iso_code, currency_name) VALUES (30, 'CHW', 'WIR Franc');
INSERT INTO currency(currency_id, iso_code, currency_name) VALUES (31, 'CLF', 'Unidad de Fomento');
INSERT INTO currency(currency_id, iso_code, currency_name) VALUES (32, 'CLP', 'Chilean Peso');
INSERT INTO currency(currency_id, iso_code, currency_name) VALUES (33, 'CNY', 'Yuan Renminbi');
INSERT INTO currency(currency_id, iso_code, currency_name) VALUES (34, 'COP', 'Colombian Peso');
INSERT INTO currency(currency_id, iso_code, currency_name) VALUES (35, 'COU', 'Unidad de Valor Real');
INSERT INTO currency(currency_id, iso_code, currency_name) VALUES (36, 'CRC', 'Costa Rican Colon');
INSERT INTO currency(currency_id, iso_code, currency_name) VALUES (37, 'CUC', 'Peso Convertible');
INSERT INTO currency(currency_id, iso_code, currency_name) VALUES (38, 'CUP', 'Cuban Peso');
INSERT INTO currency(currency_id, iso_code, currency_name) VALUES (39, 'CVE', 'Cabo Verde Escudo');
INSERT INTO currency(currency_id, iso_code, currency_name) VALUES (40, 'CZK', 'Czech Koruna');
INSERT INTO currency(currency_id, iso_code, currency_name) VALUES (41, 'DJF', 'Djibouti Franc');
INSERT INTO currency(currency_id, iso_code, currency_name) VALUES (42, 'DKK', 'Danish Krone');
INSERT INTO currency(currency_id, iso_code, currency_name) VALUES (43, 'DOP', 'Dominican Peso');
INSERT INTO currency(currency_id, iso_code, currency_name) VALUES (44, 'DZD', 'Algerian Dinar');
INSERT INTO currency(currency_id, iso_code, currency_name) VALUES (45, 'EGP', 'Egyptian Pound');
INSERT INTO currency(currency_id, iso_code, currency_name) VALUES (46, 'ERN', 'Nakfa');
INSERT INTO currency(currency_id, iso_code, currency_name) VALUES (47, 'ETB', 'Ethiopian Birr');
INSERT INTO currency(currency_id, iso_code, currency_name) VALUES (48, 'EUR', 'Euro');
INSERT INTO currency(currency_id, iso_code, currency_name) VALUES (49, 'FJD', 'Fiji Dollar');
INSERT INTO currency(currency_id, iso_code, currency_name) VALUES (50, 'FKP', 'Falkland Islands Pound');
INSERT INTO currency(currency_id, iso_code, currency_name) VALUES (51, 'GBP', 'Pound Sterling');
INSERT INTO currency(currency_id, iso_code, currency_name) VALUES (52, 'GEL', 'Lari');
INSERT INTO currency(currency_id, iso_code, currency_name) VALUES (53, 'GHS', 'Ghana Cedi');
INSERT INTO currency(currency_id, iso_code, currency_name) VALUES (54, 'GIP', 'Gibraltar Pound');
INSERT INTO currency(currency_id, iso_code, currency_name) VALUES (55, 'GMD', 'Dalasi');
INSERT INTO currency(currency_id, iso_code, currency_name) VALUES (56, 'GNF', 'Guinea Franc');
INSERT INTO currency(currency_id, iso_code, currency_name) VALUES (57, 'GTQ', 'Quetzal');
INSERT INTO currency(currency_id, iso_code, currency_name) VALUES (58, 'GYD', 'Guyana Dollar');
INSERT INTO currency(currency_id, iso_code, currency_name) VALUES (59, 'HKD', 'Hong Kong Dollar');
INSERT INTO currency(currency_id, iso_code, currency_name) VALUES (60, 'HNL', 'Lempira');
INSERT INTO currency(currency_id, iso_code, currency_name) VALUES (61, 'HRK', 'Croatian Kuna');
INSERT INTO currency(currency_id, iso_code, currency_name) VALUES (62, 'HTG', 'Gourde');
INSERT INTO currency(currency_id, iso_code, currency_name) VALUES (63, 'HUF', 'Forint');
INSERT INTO currency(currency_id, iso_code, currency_name) VALUES (64, 'IDR', 'Rupiah');
INSERT INTO currency(currency_id, iso_code, currency_name) VALUES (65, 'ILS', 'New Israeli Sheqel');
INSERT INTO currency(currency_id, iso_code, currency_name) VALUES (66, 'INR', 'Indian Rupee');
INSERT INTO currency(currency_id, iso_code, currency_name) VALUES (67, 'IQD', 'Iraqi Dinar');
INSERT INTO currency(currency_id, iso_code, currency_name) VALUES (68, 'IRR', 'Iranian Rial');
INSERT INTO currency(currency_id, iso_code, currency_name) VALUES (69, 'ISK', 'Iceland Krona');
INSERT INTO currency(currency_id, iso_code, currency_name) VALUES (70, 'JMD', 'Jamaican Dollar');
INSERT INTO currency(currency_id, iso_code, currency_name) VALUES (71, 'JOD', 'Jordanian Dinar');
INSERT INTO currency(currency_id, iso_code, currency_name) VALUES (72, 'JPY', 'Yen');
INSERT INTO currency(currency_id, iso_code, currency_name) VALUES (73, 'KES', 'Kenyan Shilling');
INSERT INTO currency(currency_id, iso_code, currency_name) VALUES (74, 'KGS', 'Som');
INSERT INTO currency(currency_id, iso_code, currency_name) VALUES (75, 'KHR', 'Riel');
INSERT INTO currency(currency_id, iso_code, currency_name) VALUES (76, 'KMF', 'Comoro Franc');
INSERT INTO currency(currency_id, iso_code, currency_name) VALUES (77, 'KPW', 'North Korean Won');
INSERT INTO currency(currency_id, iso_code, currency_name) VALUES (78, 'KRW', 'Won');
INSERT INTO currency(currency_id, iso_code, currency_name) VALUES (79, 'KWD', 'Kuwaiti Dinar');
INSERT INTO currency(currency_id, iso_code, currency_name) VALUES (80, 'KYD', 'Cayman Islands Dollar');
INSERT INTO currency(currency_id, iso_code, currency_name) VALUES (81, 'KZT', 'Tenge');
INSERT INTO currency(currency_id, iso_code, currency_name) VALUES (82, 'LAK', 'Kip');
INSERT INTO currency(currency_id, iso_code, currency_name) VALUES (83, 'LBP', 'Lebanese Pound');
INSERT INTO currency(currency_id, iso_code, currency_name) VALUES (84, 'LKR', 'Sri Lanka Rupee');
INSERT INTO currency(currency_id, iso_code, currency_name) VALUES (85, 'LRD', 'Liberian Dollar');
INSERT INTO currency(currency_id, iso_code, currency_name) VALUES (86, 'LSL', 'Loti');
INSERT INTO currency(currency_id, iso_code, currency_name) VALUES (87, 'LYD', 'Libyan Dinar');
INSERT INTO currency(currency_id, iso_code, currency_name) VALUES (88, 'MAD', 'Moroccan Dirham');
INSERT INTO currency(currency_id, iso_code, currency_name) VALUES (89, 'MDL', 'Moldovan Leu');
INSERT INTO currency(currency_id, iso_code, currency_name) VALUES (90, 'MGA', 'Malagasy Ariary');
INSERT INTO currency(currency_id, iso_code, currency_name) VALUES (91, 'MKD', 'Denar');
INSERT INTO currency(currency_id, iso_code, currency_name) VALUES (92, 'MMK', 'Kyat');
INSERT INTO currency(currency_id, iso_code, currency_name) VALUES (93, 'MNT', 'Tugrik');
INSERT INTO currency(currency_id, iso_code, currency_name) VALUES (94, 'MOP', 'Pataca');
INSERT INTO currency(currency_id, iso_code, currency_name) VALUES (95, 'MRO', 'Ouguiya');
INSERT INTO currency(currency_id, iso_code, currency_name) VALUES (96, 'MUR', 'Mauritius Rupee');
INSERT INTO currency(currency_id, iso_code, currency_name) VALUES (97, 'MVR', 'Rufiyaa');
INSERT INTO currency(currency_id, iso_code, currency_name) VALUES (98, 'MWK', 'Kwacha');
INSERT INTO currency(currency_id, iso_code, currency_name) VALUES (99, 'MXN', 'Mexican Peso');
INSERT INTO currency(currency_id, iso_code, currency_name) VALUES (100, 'MXV', 'Mexican Unidad de Inversion (UDI)');
INSERT INTO currency(currency_id, iso_code, currency_name) VALUES (101, 'MYR', 'Malaysian Ringgit');
INSERT INTO currency(currency_id, iso_code, currency_name) VALUES (102, 'MZN', 'Mozambique Metical');
INSERT INTO currency(currency_id, iso_code, currency_name) VALUES (103, 'NAD', 'Namibia Dollar');
INSERT INTO currency(currency_id, iso_code, currency_name) VALUES (104, 'NGN', 'Naira');
INSERT INTO currency(currency_id, iso_code, currency_name) VALUES (105, 'NIO', 'Cordoba Oro');
INSERT INTO currency(currency_id, iso_code, currency_name) VALUES (106, 'NOK', 'Norwegian Krone');
INSERT INTO currency(currency_id, iso_code, currency_name) VALUES (107, 'NPR', 'Nepalese Rupee');
INSERT INTO currency(currency_id, iso_code, currency_name) VALUES (108, 'NZD', 'New Zealand Dollar');
INSERT INTO currency(currency_id, iso_code, currency_name) VALUES (109, 'OMR', 'Rial Omani');
INSERT INTO currency(currency_id, iso_code, currency_name) VALUES (110, 'PAB', 'Balboa');
INSERT INTO currency(currency_id, iso_code, currency_name) VALUES (111, 'PEN', 'Nuevo Sol');
INSERT INTO currency(currency_id, iso_code, currency_name) VALUES (112, 'PGK', 'Kina');
INSERT INTO currency(currency_id, iso_code, currency_name) VALUES (113, 'PHP', 'Philippine Peso');
INSERT INTO currency(currency_id, iso_code, currency_name) VALUES (114, 'PKR', 'Pakistan Rupee');
INSERT INTO currency(currency_id, iso_code, currency_name) VALUES (115, 'PLN', 'Zloty');
INSERT INTO currency(currency_id, iso_code, currency_name) VALUES (116, 'PYG', 'Guarani');
INSERT INTO currency(currency_id, iso_code, currency_name) VALUES (117, 'QAR', 'Qatari Rial');
INSERT INTO currency(currency_id, iso_code, currency_name) VALUES (118, 'RON', 'New Romanian Leu');
INSERT INTO currency(currency_id, iso_code, currency_name) VALUES (119, 'RSD', 'Serbian Dinar');
INSERT INTO currency(currency_id, iso_code, currency_name) VALUES (120, 'RUB', 'Russian Ruble');
INSERT INTO currency(currency_id, iso_code, currency_name) VALUES (121, 'RWF', 'Rwanda Franc');
INSERT INTO currency(currency_id, iso_code, currency_name) VALUES (122, 'SAR', 'Saudi Riyal');
INSERT INTO currency(currency_id, iso_code, currency_name) VALUES (123, 'SBD', 'Solomon Islands Dollar');
INSERT INTO currency(currency_id, iso_code, currency_name) VALUES (124, 'SCR', 'Seychelles Rupee');
INSERT INTO currency(currency_id, iso_code, currency_name) VALUES (125, 'SDG', 'Sudanese Pound');
INSERT INTO currency(currency_id, iso_code, currency_name) VALUES (126, 'SEK', 'Swedish Krona');
INSERT INTO currency(currency_id, iso_code, currency_name) VALUES (127, 'SGD', 'Singapore Dollar');
INSERT INTO currency(currency_id, iso_code, currency_name) VALUES (128, 'SHP', 'Saint Helena Pound');
INSERT INTO currency(currency_id, iso_code, currency_name) VALUES (129, 'SLL', 'Leone');
INSERT INTO currency(currency_id, iso_code, currency_name) VALUES (130, 'SOS', 'Somali Shilling');
INSERT INTO currency(currency_id, iso_code, currency_name) VALUES (131, 'SRD', 'Surinam Dollar');
INSERT INTO currency(currency_id, iso_code, currency_name) VALUES (132, 'SSP', 'South Sudanese Pound');
INSERT INTO currency(currency_id, iso_code, currency_name) VALUES (133, 'STD', 'Dobra');
INSERT INTO currency(currency_id, iso_code, currency_name) VALUES (134, 'SVC', 'El Salvador Colon');
INSERT INTO currency(currency_id, iso_code, currency_name) VALUES (135, 'SYP', 'Syrian Pound');
INSERT INTO currency(currency_id, iso_code, currency_name) VALUES (136, 'SZL', 'Lilangeni');
INSERT INTO currency(currency_id, iso_code, currency_name) VALUES (137, 'THB', 'Baht');
INSERT INTO currency(currency_id, iso_code, currency_name) VALUES (138, 'TJS', 'Somoni');
INSERT INTO currency(currency_id, iso_code, currency_name) VALUES (139, 'TMT', 'Turkmenistan New Manat');
INSERT INTO currency(currency_id, iso_code, currency_name) VALUES (140, 'TND', 'Tunisian Dinar');
INSERT INTO currency(currency_id, iso_code, currency_name) VALUES (141, 'TOP', 'Pa’anga');
INSERT INTO currency(currency_id, iso_code, currency_name) VALUES (142, 'TRY', 'Turkish Lira');
INSERT INTO currency(currency_id, iso_code, currency_name) VALUES (143, 'TTD', 'Trinidad and Tobago Dollar');
INSERT INTO currency(currency_id, iso_code, currency_name) VALUES (144, 'TWD', 'New Taiwan Dollar');
INSERT INTO currency(currency_id, iso_code, currency_name) VALUES (145, 'TZS', 'Tanzanian Shilling');
INSERT INTO currency(currency_id, iso_code, currency_name) VALUES (146, 'UAH', 'Hryvnia');
INSERT INTO currency(currency_id, iso_code, currency_name) VALUES (147, 'UGX', 'Uganda Shilling');
INSERT INTO currency(currency_id, iso_code, currency_name) VALUES (148, 'USD', 'US Dollar');
INSERT INTO currency(currency_id, iso_code, currency_name) VALUES (149, 'USN', 'US Dollar (Next day)');
INSERT INTO currency(currency_id, iso_code, currency_name) VALUES (150, 'UYI', 'Uruguay Peso en Unidades Indexadas (URUIURUI)');
INSERT INTO currency(currency_id, iso_code, currency_name) VALUES (151, 'UYU', 'Peso Uruguayo');
INSERT INTO currency(currency_id, iso_code, currency_name) VALUES (152, 'UZS', 'Uzbekistan Sum');
INSERT INTO currency(currency_id, iso_code, currency_name) VALUES (153, 'VEF', 'Bolivar');
INSERT INTO currency(currency_id, iso_code, currency_name) VALUES (154, 'VND', 'Dong');
INSERT INTO currency(currency_id, iso_code, currency_name) VALUES (155, 'VUV', 'Vatu');
INSERT INTO currency(currency_id, iso_code, currency_name) VALUES (156, 'WST', 'Tala');
INSERT INTO currency(currency_id, iso_code, currency_name) VALUES (157, 'XAF', 'CFA Franc BEAC');
INSERT INTO currency(currency_id, iso_code, currency_name) VALUES (158, 'XCD', 'East Caribbean Dollar');
INSERT INTO currency(currency_id, iso_code, currency_name) VALUES (159, 'XDR', 'SDR (Special Drawing Right)');
INSERT INTO currency(currency_id, iso_code, currency_name) VALUES (160, 'XOF', 'CFA Franc BCEAO');
INSERT INTO currency(currency_id, iso_code, currency_name) VALUES (161, 'XPF', 'CFP Franc');
INSERT INTO currency(currency_id, iso_code, currency_name) VALUES (162, 'XSU', 'Sucre');
INSERT INTO currency(currency_id, iso_code, currency_name) VALUES (163, 'XUA', 'ADB Unit of Account');
INSERT INTO currency(currency_id, iso_code, currency_name) VALUES (164, 'YER', 'Yemeni Rial');
INSERT INTO currency(currency_id, iso_code, currency_name) VALUES (165, 'ZAR', 'Rand');
INSERT INTO currency(currency_id, iso_code, currency_name) VALUES (166, 'ZMW', 'Zambian Kwacha');
INSERT INTO currency(currency_id, iso_code, currency_name) VALUES (167, 'ZWL', 'Zimbabwe Dollar');

INSERT INTO address(address_id, address, postal_code, city, country) VALUES (1, '62140 Ruskin Way', '3515', 'Bundoc', 'Philippines');
INSERT INTO address(address_id, address, postal_code, city, country) VALUES (2, '194 Sloan Trail', '', 'Al Mijlad', 'Sudan');
INSERT INTO address(address_id, address, postal_code, city, country) VALUES (3, '42 Rutledge Avenue', '1488', 'Богданци', 'Macedonia');
INSERT INTO address(address_id, address, postal_code, city, country) VALUES (4, '0721 Pleasure Park', '10160', 'Non Narai', 'Thailand');
INSERT INTO address(address_id, address, postal_code, city, country) VALUES (5, '461 Donald Drive', '', 'Xiadian', 'China');
INSERT INTO address(address_id, address, postal_code, city, country) VALUES (6, '4234 Scoville Avenue', '9850', 'Vrede', 'South Africa');
INSERT INTO address(address_id, address, postal_code, city, country) VALUES (7, '5164 Sullivan Pass', '', 'Oropesa', 'Peru');
INSERT INTO address(address_id, address, postal_code, city, country) VALUES (8, '6582 Talisman Parkway', '', 'Adorjan', 'Serbia');
INSERT INTO address(address_id, address, postal_code, city, country) VALUES (9, '15851 Dovetail Point', '', 'Mpanda', 'Tanzania');
INSERT INTO address(address_id, address, postal_code, city, country) VALUES (10, '31081 Dixon Trail', '', 'Balaka', 'Malawi');
INSERT INTO address(address_id, address, postal_code, city, country) VALUES (11, '80 Ryan Circle', '976-0154', 'Tamano', 'Japan');
INSERT INTO address(address_id, address, postal_code, city, country) VALUES (12, '84 Lunder Road', '606470', 'Neklyudovo', 'Russia');
INSERT INTO address(address_id, address, postal_code, city, country) VALUES (13, '58 Maywood Way', '7090-021', 'Alcáçovas', 'Portugal');
INSERT INTO address(address_id, address, postal_code, city, country) VALUES (14, '715 Lakewood Gardens Hill', '', 'Pengshi', 'China');
INSERT INTO address(address_id, address, postal_code, city, country) VALUES (15, '190 Ludington Point', '', 'Leribe', 'Lesotho');
INSERT INTO address(address_id, address, postal_code, city, country) VALUES (16, '5192 Paget Trail', '', 'Muli', 'China');
INSERT INTO address(address_id, address, postal_code, city, country) VALUES (17, '9 Beilfuss Plaza', '5009', 'Tilburg', 'Netherlands');
INSERT INTO address(address_id, address, postal_code, city, country) VALUES (18, '3 Dixon Terrace', '', 'Kamubheka', 'Indonesia');
INSERT INTO address(address_id, address, postal_code, city, country) VALUES (19, '94027 Cardinal Plaza', '', 'Oyam', 'Uganda');
INSERT INTO address(address_id, address, postal_code, city, country) VALUES (20, '1 Pond Road', '', 'Labangka Satu', 'Indonesia');
INSERT INTO address(address_id, address, postal_code, city, country) VALUES (21, '2 Village Green Terrace', '', 'Lushnjë', 'Albania');
INSERT INTO address(address_id, address, postal_code, city, country) VALUES (22, '4924 4th Park', '48604', 'Saginaw', 'United States');
INSERT INTO address(address_id, address, postal_code, city, country) VALUES (23, '9423 Roxbury Drive', '4830-433', 'Breia', 'Portugal');
INSERT INTO address(address_id, address, postal_code, city, country) VALUES (24, '4 Meadow Valley Street', '85884-000', 'Medianeira', 'Brazil');
INSERT INTO address(address_id, address, postal_code, city, country) VALUES (25, '592 Grover Avenue', '55330-000', 'Bom Conselho', 'Brazil');
INSERT INTO address(address_id, address, postal_code, city, country) VALUES (26, '98546 Kedzie Road', '289 14', 'Poříčany', 'Czech Republic');
INSERT INTO address(address_id, address, postal_code, city, country) VALUES (27, '9 Utah Circle', '76330', 'Mehar', 'Pakistan');
INSERT INTO address(address_id, address, postal_code, city, country) VALUES (28, '210 Hallows Drive', '', 'Öldziyt', 'Mongolia');
INSERT INTO address(address_id, address, postal_code, city, country) VALUES (29, '94 Nobel Road', '2703', 'Fuerte', 'Philippines');
INSERT INTO address(address_id, address, postal_code, city, country) VALUES (30, '76760 Carey Parkway', '', 'Pader Palwo', 'Uganda');
INSERT INTO address(address_id, address, postal_code, city, country) VALUES (31, '270 Cardinal Avenue', '410018', 'Neiva', 'Colombia');
INSERT INTO address(address_id, address, postal_code, city, country) VALUES (32, '4 Bartelt Terrace', '55340-000', 'Águas Belas', 'Brazil');
INSERT INTO address(address_id, address, postal_code, city, country) VALUES (33, '4 Badeau Place', '', 'Ugljevik', 'Bosnia and Herzegovina');
INSERT INTO address(address_id, address, postal_code, city, country) VALUES (34, '8383 Mifflin Lane', '66622', 'Topeka', 'United States');
INSERT INTO address(address_id, address, postal_code, city, country) VALUES (35, '5689 Harper Hill', '22096', 'Reston', 'United States');
INSERT INTO address(address_id, address, postal_code, city, country) VALUES (36, '95155 Dixon Court', '39351', 'Ahmadpur Siāl', 'Pakistan');
INSERT INTO address(address_id, address, postal_code, city, country) VALUES (37, '8328 Fieldstone Parkway', '25740', 'Emiliano Zapata', 'Mexico');
INSERT INTO address(address_id, address, postal_code, city, country) VALUES (38, '2711 Meadow Vale Place', '', 'Zhajin', 'China');
INSERT INTO address(address_id, address, postal_code, city, country) VALUES (39, '5473 Norway Maple Avenue', '', 'Aozou', 'Chad');
INSERT INTO address(address_id, address, postal_code, city, country) VALUES (40, '8 Farragut Park', '22119', 'Merrifield', 'United States');
INSERT INTO address(address_id, address, postal_code, city, country) VALUES (41, '0 Tony Road', '78786', 'Guadalupe', 'Mexico');
INSERT INTO address(address_id, address, postal_code, city, country) VALUES (42, '5 Harper Center', '', 'Bindura', 'Zimbabwe');
INSERT INTO address(address_id, address, postal_code, city, country) VALUES (43, '9 Pierstorff Pass', '', 'Alofi', 'Niue');
INSERT INTO address(address_id, address, postal_code, city, country) VALUES (44, '920 Del Sol Hill', '', 'Xieba', 'China');
INSERT INTO address(address_id, address, postal_code, city, country) VALUES (45, '6647 Surrey Alley', '', 'Shazi', 'China');
INSERT INTO address(address_id, address, postal_code, city, country) VALUES (46, '3139 Gina Lane', '', 'Xinxing', 'China');
INSERT INTO address(address_id, address, postal_code, city, country) VALUES (47, '640 Park Meadow Way', '', 'Uiasa', 'Indonesia');
INSERT INTO address(address_id, address, postal_code, city, country) VALUES (48, '484 Stephen Hill', '7014', 'Santa Cruz La Laguna', 'Guatemala');
INSERT INTO address(address_id, address, postal_code, city, country) VALUES (49, '20 Schmedeman Avenue', '', 'Banjar Paangkelod', 'Indonesia');
INSERT INTO address(address_id, address, postal_code, city, country) VALUES (50, '56 Superior Place', '', 'Ica', 'Peru');
INSERT INTO address(address_id, address, postal_code, city, country) VALUES (51, '680 Golf View Hill', '368692', 'Khiv', 'Russia');
INSERT INTO address(address_id, address, postal_code, city, country) VALUES (52, '5810 Carey Alley', '97-306', 'Grabica', 'Poland');
INSERT INTO address(address_id, address, postal_code, city, country) VALUES (53, '71 6th Way', '', 'Tomorlog', 'China');
INSERT INTO address(address_id, address, postal_code, city, country) VALUES (54, '1 Fuller Parkway', 'L9T', 'Abbotsford', 'Canada');
INSERT INTO address(address_id, address, postal_code, city, country) VALUES (55, '7 Aberg Drive', '', 'Cilebang Satu', 'Indonesia');
INSERT INTO address(address_id, address, postal_code, city, country) VALUES (56, '11 Debs Way', '89110-000', 'Gaspar', 'Brazil');
INSERT INTO address(address_id, address, postal_code, city, country) VALUES (57, '07590 Center Court', '', 'Hualin', 'China');
INSERT INTO address(address_id, address, postal_code, city, country) VALUES (58, '4 5th Trail', '', 'Fengpo', 'China');
INSERT INTO address(address_id, address, postal_code, city, country) VALUES (59, '62 Bartillon Pass', '', 'Sulang Tengah', 'Indonesia');
INSERT INTO address(address_id, address, postal_code, city, country) VALUES (60, '29235 Dottie Alley', '28970-000', 'Araruama', 'Brazil');
INSERT INTO address(address_id, address, postal_code, city, country) VALUES (61, '19348 Grasskamp Hill', '', 'Padangan', 'Indonesia');
INSERT INTO address(address_id, address, postal_code, city, country) VALUES (62, '1040 Hazelcrest Drive', '', 'Goge', 'Indonesia');
INSERT INTO address(address_id, address, postal_code, city, country) VALUES (63, '13 Fremont Alley', '', 'Pantai Ceuremen', 'Indonesia');
INSERT INTO address(address_id, address, postal_code, city, country) VALUES (64, '99642 Heath Lane', '6100-218', 'Casal Novo', 'Portugal');
INSERT INTO address(address_id, address, postal_code, city, country) VALUES (65, '0 Fairview Plaza', '', 'Kawungsari', 'Indonesia');
INSERT INTO address(address_id, address, postal_code, city, country) VALUES (66, '4 Florence Circle', '', 'Caja', 'Peru');
INSERT INTO address(address_id, address, postal_code, city, country) VALUES (67, '4252 Jenifer Drive', '4142', 'Driefontein', 'South Africa');
INSERT INTO address(address_id, address, postal_code, city, country) VALUES (68, '8 Bultman Road', '', 'Idfu', 'Egypt');
INSERT INTO address(address_id, address, postal_code, city, country) VALUES (69, '992 Sachtjen Drive', '', 'Timahankrajan', 'Indonesia');
INSERT INTO address(address_id, address, postal_code, city, country) VALUES (70, '1728 Anhalt Point', '', 'Suyang', 'China');
INSERT INTO address(address_id, address, postal_code, city, country) VALUES (71, '07136 Lawn Alley', '1041', 'Ilinden', 'Macedonia');
INSERT INTO address(address_id, address, postal_code, city, country) VALUES (72, '804 Dahle Way', '347674', 'Izobil’nyy', 'Russia');
INSERT INTO address(address_id, address, postal_code, city, country) VALUES (73, '244 Starling Terrace', '671642', 'Kurumkan', 'Russia');
INSERT INTO address(address_id, address, postal_code, city, country) VALUES (74, '2 Pepper Wood Avenue', '11700-000', 'Praia Grande', 'Brazil');
INSERT INTO address(address_id, address, postal_code, city, country) VALUES (75, '6 Kedzie Avenue', '', 'Văn Điển', 'Vietnam');
INSERT INTO address(address_id, address, postal_code, city, country) VALUES (76, '07317 Evergreen Circle', '', 'Karangbadar Kidul', 'Indonesia');
INSERT INTO address(address_id, address, postal_code, city, country) VALUES (77, '3659 Lerdahl Alley', '', 'Dikou', 'China');
INSERT INTO address(address_id, address, postal_code, city, country) VALUES (78, '05076 International Point', '', 'Ankou', 'China');
INSERT INTO address(address_id, address, postal_code, city, country) VALUES (79, '422 Gale Alley', '', 'Bajina Bašta', 'Serbia');
INSERT INTO address(address_id, address, postal_code, city, country) VALUES (80, '07767 Hanson Park', '', 'Tacna', 'Peru');
INSERT INTO address(address_id, address, postal_code, city, country) VALUES (81, '702 Sunbrook Lane', '', 'Taozhou', 'China');
INSERT INTO address(address_id, address, postal_code, city, country) VALUES (82, '218 John Wall Parkway', '8608', 'Santiago', 'Philippines');
INSERT INTO address(address_id, address, postal_code, city, country) VALUES (83, '34209 Gulseth Drive', '63530', 'Pernå', 'Finland');
INSERT INTO address(address_id, address, postal_code, city, country) VALUES (84, '36277 Green Drive', '', 'Svalyava', 'Ukraine');
INSERT INTO address(address_id, address, postal_code, city, country) VALUES (85, '773 Heffernan Terrace', '', 'Limen', 'China');
INSERT INTO address(address_id, address, postal_code, city, country) VALUES (86, '0 Buhler Terrace', '26-330', 'Żarnów', 'Poland');
INSERT INTO address(address_id, address, postal_code, city, country) VALUES (87, '5 Park Meadow Road', '69800', 'Lazaro Cardenas', 'Mexico');
INSERT INTO address(address_id, address, postal_code, city, country) VALUES (88, '77815 Arapahoe Hill', '9484', 'Virginia', 'South Africa');
INSERT INTO address(address_id, address, postal_code, city, country) VALUES (89, '207 Trailsway Drive', '42180', 'Phu Kradueng', 'Thailand');
INSERT INTO address(address_id, address, postal_code, city, country) VALUES (90, '69802 Elmside Terrace', '1808', 'Nangka', 'Philippines');
INSERT INTO address(address_id, address, postal_code, city, country) VALUES (91, '99664 Grover Parkway', '', 'Binangun', 'Indonesia');
INSERT INTO address(address_id, address, postal_code, city, country) VALUES (92, '776 Linden Hill', '13250-000', 'Itatiba', 'Brazil');
INSERT INTO address(address_id, address, postal_code, city, country) VALUES (93, '183 Lyons Terrace', '', 'Qiujima', 'China');
INSERT INTO address(address_id, address, postal_code, city, country) VALUES (94, '44 Meadow Vale Place', '', 'Liulin', 'China');
INSERT INTO address(address_id, address, postal_code, city, country) VALUES (95, '74 Blue Bill Park Circle', '72011', 'Mātli', 'Pakistan');
INSERT INTO address(address_id, address, postal_code, city, country) VALUES (96, '29 Bultman Road', '', 'Sok Kwu Wan', 'Hong Kong');
INSERT INTO address(address_id, address, postal_code, city, country) VALUES (97, '37 Loftsgordon Alley', '8324', 'Cipolletti', 'Argentina');
INSERT INTO address(address_id, address, postal_code, city, country) VALUES (98, '208 Pearson Way', '78-314', 'Sławoborze', 'Poland');
INSERT INTO address(address_id, address, postal_code, city, country) VALUES (99, '66 Tomscot Road', '47015', 'Valladolid', 'Spain');
INSERT INTO address(address_id, address, postal_code, city, country) VALUES (100, '9 Butternut Center', '', 'Bến Tre', 'Vietnam');
INSERT INTO address(address_id, address, postal_code, city, country) VALUES (101, '54632 Mcguire Street', '6513', 'Santa Fe', 'Philippines');
INSERT INTO address(address_id, address, postal_code, city, country) VALUES (102, '38358 Dayton Pass', '', 'Bipolo', 'Indonesia');
INSERT INTO address(address_id, address, postal_code, city, country) VALUES (103, '3840 American Ash Alley', '', 'Livadiya', 'Ukraine');
INSERT INTO address(address_id, address, postal_code, city, country) VALUES (104, '99 Granby Trail', '', 'Al Maḩfid', 'Yemen');
INSERT INTO address(address_id, address, postal_code, city, country) VALUES (105, '8 Continental Avenue', '', 'Cachimayo', 'Peru');
INSERT INTO address(address_id, address, postal_code, city, country) VALUES (106, '5345 Debra Lane', '', 'Shuozhou', 'China');
INSERT INTO address(address_id, address, postal_code, city, country) VALUES (107, '719 Meadow Ridge Center', '32-438', 'Trzebunia', 'Poland');
INSERT INTO address(address_id, address, postal_code, city, country) VALUES (108, '762 Merchant Center', '', 'Qianguo', 'China');
INSERT INTO address(address_id, address, postal_code, city, country) VALUES (109, '82 Scott Terrace', '', 'Yanwukou', 'China');
INSERT INTO address(address_id, address, postal_code, city, country) VALUES (110, '308 Susan Alley', '7201', 'Tibigan', 'Philippines');
INSERT INTO address(address_id, address, postal_code, city, country) VALUES (111, '8 Grasskamp Pass', '', 'Bara Datu', 'Indonesia');
INSERT INTO address(address_id, address, postal_code, city, country) VALUES (112, '949 Swallow Hill', '426 77', 'Västra Frölunda', 'Sweden');
INSERT INTO address(address_id, address, postal_code, city, country) VALUES (113, '27 American Ash Avenue', '4427', 'Cafayate', 'Argentina');
INSERT INTO address(address_id, address, postal_code, city, country) VALUES (114, '35313 Springs Road', '32-340', 'Wolbrom', 'Poland');
INSERT INTO address(address_id, address, postal_code, city, country) VALUES (115, '8477 Thackeray Avenue', '', 'Danyang', 'China');
INSERT INTO address(address_id, address, postal_code, city, country) VALUES (116, '589 Troy Junction', '4530', 'San Ramón de la Nueva Orán', 'Argentina');
INSERT INTO address(address_id, address, postal_code, city, country) VALUES (117, '14666 Rigney Park', '', 'Dundbürd', 'Mongolia');
INSERT INTO address(address_id, address, postal_code, city, country) VALUES (118, '7 Onsgard Street', '', 'Wucun', 'China');
INSERT INTO address(address_id, address, postal_code, city, country) VALUES (119, '167 Saint Paul Place', '', 'Tuateta', 'Indonesia');
INSERT INTO address(address_id, address, postal_code, city, country) VALUES (120, '96 Pankratz Avenue', '51950', 'San Sebastian', 'Mexico');
INSERT INTO address(address_id, address, postal_code, city, country) VALUES (121, '6171 School Circle', '2425-823', 'Conqueiros', 'Portugal');
INSERT INTO address(address_id, address, postal_code, city, country) VALUES (122, '303 Aberg Point', '', 'Aoji-ri', 'North Korea');
INSERT INTO address(address_id, address, postal_code, city, country) VALUES (123, '1 Sundown Drive', '', 'Wenshang', 'China');
INSERT INTO address(address_id, address, postal_code, city, country) VALUES (124, '23 Emmet Plaza', '', 'Nueva Arica', 'Peru');
INSERT INTO address(address_id, address, postal_code, city, country) VALUES (125, '574 Dayton Way', '', 'Khenifra', 'Morocco');
INSERT INTO address(address_id, address, postal_code, city, country) VALUES (126, '964 Blue Bill Park Park', '412184', 'Vostochnoe Degunino', 'Russia');
INSERT INTO address(address_id, address, postal_code, city, country) VALUES (127, '2 2nd Center', '', 'Gubengairlangga', 'Indonesia');
INSERT INTO address(address_id, address, postal_code, city, country) VALUES (128, '4 Comanche Pass', '', 'Agarsin', 'China');
INSERT INTO address(address_id, address, postal_code, city, country) VALUES (129, '989 Morningstar Point', '', 'Likupang', 'Indonesia');
INSERT INTO address(address_id, address, postal_code, city, country) VALUES (130, '93 Bay Way', '', 'Holoriang', 'Indonesia');
INSERT INTO address(address_id, address, postal_code, city, country) VALUES (131, '26 Springview Center', '', 'Dongfeng', 'China');
INSERT INTO address(address_id, address, postal_code, city, country) VALUES (132, '0180 Kim Trail', '5413', 'Santa Lucía', 'Argentina');
INSERT INTO address(address_id, address, postal_code, city, country) VALUES (133, '21 Waywood Place', '7017', 'Binucayan', 'Philippines');
INSERT INTO address(address_id, address, postal_code, city, country) VALUES (134, '78 Bobwhite Road', '', 'Sanlidian', 'China');
INSERT INTO address(address_id, address, postal_code, city, country) VALUES (135, '75291 Walton Circle', '31210', 'Progreso', 'Mexico');
INSERT INTO address(address_id, address, postal_code, city, country) VALUES (136, '4045 Park Meadow Court', '', 'Sankoutang', 'China');
INSERT INTO address(address_id, address, postal_code, city, country) VALUES (137, '91 Sherman Terrace', '2680-005', 'Camarate', 'Portugal');
INSERT INTO address(address_id, address, postal_code, city, country) VALUES (138, '46711 Maple Wood Road', '', 'Somié', 'Cameroon');
INSERT INTO address(address_id, address, postal_code, city, country) VALUES (139, '083 Surrey Road', '443 14', 'Gråbo', 'Sweden');
INSERT INTO address(address_id, address, postal_code, city, country) VALUES (140, '260 Clarendon Point', '42-284', 'Herby', 'Poland');
INSERT INTO address(address_id, address, postal_code, city, country) VALUES (141, '86 Bunker Hill Alley', '', 'Kampala', 'Uganda');
INSERT INTO address(address_id, address, postal_code, city, country) VALUES (142, '4459 Anthes Crossing', '', 'Pelileo', 'Ecuador');
INSERT INTO address(address_id, address, postal_code, city, country) VALUES (143, '635 Northfield Way', '', 'Kačanik', 'Kosovo');
INSERT INTO address(address_id, address, postal_code, city, country) VALUES (144, '75 Maple Point', '', 'Lianzhou', 'China');
INSERT INTO address(address_id, address, postal_code, city, country) VALUES (145, '22 East Trail', '177 35', 'Järfälla', 'Sweden');
INSERT INTO address(address_id, address, postal_code, city, country) VALUES (146, '404 Cambridge Avenue', '', 'San Javier', 'Chile');
INSERT INTO address(address_id, address, postal_code, city, country) VALUES (147, '8 Valley Edge Lane', '', 'Al Karmil', 'Palestinian Territory');
INSERT INTO address(address_id, address, postal_code, city, country) VALUES (148, '10777 Luster Hill', '', 'Mahendranagar', 'Nepal');
INSERT INTO address(address_id, address, postal_code, city, country) VALUES (149, '6 Emmet Point', '37-750', 'Wawer', 'Poland');
INSERT INTO address(address_id, address, postal_code, city, country) VALUES (150, '791 Ramsey Circle', '2600', 'Baguio', 'Philippines');
INSERT INTO address(address_id, address, postal_code, city, country) VALUES (151, '49 Doe Crossing Center', '142717', 'Biryulëvo', 'Russia');
INSERT INTO address(address_id, address, postal_code, city, country) VALUES (152, '1 Manley Place', '2422', 'Bolaoit', 'Philippines');
INSERT INTO address(address_id, address, postal_code, city, country) VALUES (153, '8 Blue Bill Park Avenue', '', 'Empório', 'Greece');
INSERT INTO address(address_id, address, postal_code, city, country) VALUES (154, '185 Golf Drive', '21747', 'Hagerstown', 'United States');
INSERT INTO address(address_id, address, postal_code, city, country) VALUES (155, '1 Cardinal Circle', '', 'Baocun', 'China');
INSERT INTO address(address_id, address, postal_code, city, country) VALUES (156, '3413 Columbus Trail', '9303', 'Comandante Luis Piedra Buena', 'Argentina');
INSERT INTO address(address_id, address, postal_code, city, country) VALUES (157, '1 Texas Lane', '', 'Rakiv Lis', 'Ukraine');
INSERT INTO address(address_id, address, postal_code, city, country) VALUES (158, '39 Cherokee Trail', '', 'Tobol', 'Kazakhstan');
INSERT INTO address(address_id, address, postal_code, city, country) VALUES (159, '7 Victoria Hill', '48258', 'Detroit', 'United States');
INSERT INTO address(address_id, address, postal_code, city, country) VALUES (160, '53047 Briar Crest Place', '4785-650', 'Maganha', 'Portugal');
INSERT INTO address(address_id, address, postal_code, city, country) VALUES (161, '402 Elmside Junction', '44-189', 'Wilcza', 'Poland');
INSERT INTO address(address_id, address, postal_code, city, country) VALUES (162, '197 Packers Drive', '8000', 'Burgas', 'Bulgaria');
INSERT INTO address(address_id, address, postal_code, city, country) VALUES (163, '610 Farragut Road', '188422', 'Seredka', 'Russia');
INSERT INTO address(address_id, address, postal_code, city, country) VALUES (164, '7 Algoma Junction', '6335', 'General Luna', 'Philippines');
INSERT INTO address(address_id, address, postal_code, city, country) VALUES (165, '70035 Linden Point', '3322', 'Baquero Norte', 'Philippines');
INSERT INTO address(address_id, address, postal_code, city, country) VALUES (166, '2052 Miller Way', '1158', 'Budapest', 'Hungary');
INSERT INTO address(address_id, address, postal_code, city, country) VALUES (167, '0882 Burrows Center', '', 'Huayuan', 'China');
INSERT INTO address(address_id, address, postal_code, city, country) VALUES (168, '18882 Johnson Parkway', '93175CEDEX', 'Bagnolet', 'France');
INSERT INTO address(address_id, address, postal_code, city, country) VALUES (169, '5 Vernon Trail', '6405', 'Molde', 'Norway');
INSERT INTO address(address_id, address, postal_code, city, country) VALUES (170, '81511 Lien Place', '2765-133', 'Bairro de Santo António', 'Portugal');
INSERT INTO address(address_id, address, postal_code, city, country) VALUES (171, '29493 Laurel Terrace', '', 'Maojiagang', 'China');
INSERT INTO address(address_id, address, postal_code, city, country) VALUES (172, '02465 Forest Run Lane', '6415', 'San Roque', 'Philippines');
INSERT INTO address(address_id, address, postal_code, city, country) VALUES (173, '30867 Laurel Drive', '', 'Kilkís', 'Greece');
INSERT INTO address(address_id, address, postal_code, city, country) VALUES (174, '8 Dakota Parkway', '62250-000', 'Ipu', 'Brazil');
INSERT INTO address(address_id, address, postal_code, city, country) VALUES (175, '9217 Tennessee Street', '9609', 'Ampatuan', 'Philippines');
INSERT INTO address(address_id, address, postal_code, city, country) VALUES (176, '34268 2nd Terrace', '58900-000', 'Cajazeiras', 'Brazil');
INSERT INTO address(address_id, address, postal_code, city, country) VALUES (177, '98 Elmside Hill', '64650', 'La Escondida', 'Mexico');
INSERT INTO address(address_id, address, postal_code, city, country) VALUES (178, '81860 Grayhawk Avenue', '', 'Qing’an', 'China');
INSERT INTO address(address_id, address, postal_code, city, country) VALUES (179, '09 Spohn Crossing', '92110', 'San Diego', 'United States');
INSERT INTO address(address_id, address, postal_code, city, country) VALUES (180, '970 Porter Alley', '', 'Houping', 'China');
INSERT INTO address(address_id, address, postal_code, city, country) VALUES (181, '1 Meadow Vale Point', '', 'Villamontes', 'Bolivia');
INSERT INTO address(address_id, address, postal_code, city, country) VALUES (182, '3 Barby Court', '4605-410', 'Nogueira', 'Portugal');
INSERT INTO address(address_id, address, postal_code, city, country) VALUES (183, '38 Clove Park', '518 01', 'Dobřany', 'Czech Republic');
INSERT INTO address(address_id, address, postal_code, city, country) VALUES (184, '652 Colorado Lane', 'R42', 'Birr', 'Ireland');
INSERT INTO address(address_id, address, postal_code, city, country) VALUES (185, '84949 Mariners Cove Plaza', '', 'Kudus', 'Indonesia');
INSERT INTO address(address_id, address, postal_code, city, country) VALUES (186, '05 Merrick Park', '', 'Gangdong', 'China');
INSERT INTO address(address_id, address, postal_code, city, country) VALUES (187, '66 Gerald Street', '', 'Xingnong', 'China');
INSERT INTO address(address_id, address, postal_code, city, country) VALUES (188, '67791 Holmberg Trail', '', 'Sila', 'Indonesia');
INSERT INTO address(address_id, address, postal_code, city, country) VALUES (189, '508 Hermina Pass', '737 42', 'Fagersta', 'Sweden');
INSERT INTO address(address_id, address, postal_code, city, country) VALUES (190, '7 Sunfield Way', '', 'Chantal', 'Haiti');
INSERT INTO address(address_id, address, postal_code, city, country) VALUES (191, '072 Darwin Avenue', '', 'Megalópoli', 'Greece');
INSERT INTO address(address_id, address, postal_code, city, country) VALUES (192, '10210 Laurel Avenue', '', 'Las Mesas', 'Venezuela');
INSERT INTO address(address_id, address, postal_code, city, country) VALUES (193, '459 Cascade Junction', '442-0889', 'Kozakai-chō', 'Japan');
INSERT INTO address(address_id, address, postal_code, city, country) VALUES (194, '1177 Killdeer Road', 'D04', 'Clonskeagh', 'Ireland');
INSERT INTO address(address_id, address, postal_code, city, country) VALUES (195, '3 Clemons Circle', '', 'Shuangqiao', 'China');
INSERT INTO address(address_id, address, postal_code, city, country) VALUES (196, '582 Fallview Road', '141032', 'Yaroslavskiy', 'Russia');
INSERT INTO address(address_id, address, postal_code, city, country) VALUES (197, '498 Oriole Park', '89295-000', 'Rio Negrinho', 'Brazil');
INSERT INTO address(address_id, address, postal_code, city, country) VALUES (198, '8223 Village Drive', '18260-000', 'Porangaba', 'Brazil');
INSERT INTO address(address_id, address, postal_code, city, country) VALUES (199, '39 Fallview Street', '833 34', 'Strömsund', 'Sweden');
INSERT INTO address(address_id, address, postal_code, city, country) VALUES (200, '565 Orin Street', '4620-526', 'Santa Eulália', 'Portugal');



INSERT INTO guest(guest_id,invoice_address_id,account_id,profile_description,contact_email,contact_phone) VALUES(1,1,1,'dafgagafjahfajklfah afasjashashkas','testemail@email.com','02125731363');
INSERT INTO guest(guest_id,invoice_address_id,account_id,profile_description,contact_email,contact_phone) VALUES(2,2,2,'dafgagafjahfajklfah afasjashashkas','testemail@email.com','02125731363');
INSERT INTO guest(guest_id,invoice_address_id,account_id,profile_description,contact_email,contact_phone) VALUES(3,3,3,'dafgagafjahfajklfah afasjashaskas','testemail@email.com','02125731363');
INSERT INTO guest(guest_id,invoice_address_id,account_id,profile_description,contact_email,contact_phone) VALUES(4,4,4,'dafgagafjahfajklfah ','testemail@email.com','02125731363');
INSERT INTO guest(guest_id,invoice_address_id,account_id,profile_description,contact_email,contact_phone) VALUES(5,5,5,'dafgagafjahfajklfah afasjashashkas','testemail@email.com','02125731363');
INSERT INTO guest(guest_id,invoice_address_id,account_id,profile_description,contact_email,contact_phone) VALUES(6,6,6,'dafgagafjahfajklfah afasjashashkas','testemail@email.com','02125731363');
INSERT INTO guest(guest_id,invoice_address_id,account_id,profile_description,contact_email,contact_phone) VALUES(7,7,7,'dafgagafjahfajklfah afasjashashkas','testemail@email.com','02125731363');
INSERT INTO guest(guest_id,invoice_address_id,account_id,profile_description,contact_email,contact_phone) VALUES(8,8,8,'dafgagafjahfajklfah afasjashashkas','testemail@email.com','02125731363');
INSERT INTO guest(guest_id,invoice_address_id,account_id,profile_description,contact_email,contact_phone) VALUES(9,9,9,'dafgagafjahfajklfah afasjashashkas','testemail@email.com','02125731363');
INSERT INTO guest(guest_id,invoice_address_id,account_id,profile_description,contact_email,contact_phone) VALUES(10,10,10,'dafgagafjahfajklfah afasjashashkas','testemail@email.com','02125731363');
INSERT INTO guest(guest_id,invoice_address_id,account_id,profile_description,contact_email,contact_phone) VALUES(11,31,31,'dafgagafjahfajklfah afasjashashkas','testemail@email.com','02125731363');
INSERT INTO guest(guest_id,invoice_address_id,account_id,profile_description,contact_email,contact_phone) VALUES(12,32,32,'dafgagafjahfajklfah afasjashashkas','testemail@email.com','02125731363');
INSERT INTO guest(guest_id,invoice_address_id,account_id,profile_description,contact_email,contact_phone) VALUES(13,33,33,'dafgagafjahfajklfah afasjashaskas','testemail@email.com','02125731363');
INSERT INTO guest(guest_id,invoice_address_id,account_id,profile_description,contact_email,contact_phone) VALUES(14,34,34,'dafgagafjahfajklfah ','testemail@email.com','02125731363');
INSERT INTO guest(guest_id,invoice_address_id,account_id,profile_description,contact_email,contact_phone) VALUES(15,35,35,'dafgagafjahfajklfah afasjashashkas','testemail@email.com','02125731363');
INSERT INTO guest(guest_id,invoice_address_id,account_id,profile_description,contact_email,contact_phone) VALUES(16,36,36,'dafgagafjahfajklfah afasjashashkas','testemail@email.com','02125731363');
INSERT INTO guest(guest_id,invoice_address_id,account_id,profile_description,contact_email,contact_phone) VALUES(17,37,37,'dafgagafjahfajklfah afasjashashkas','testemail@email.com','02125731363');
INSERT INTO guest(guest_id,invoice_address_id,account_id,profile_description,contact_email,contact_phone) VALUES(18,38,38,'dafgagafjahfajklfah afasjashashkas','testemail@email.com','02125731363');
INSERT INTO guest(guest_id,invoice_address_id,account_id,profile_description,contact_email,contact_phone) VALUES(19,39,39,'dafgagafjahfajklfah afasjashashkas','testemail@email.com','02125731363');
INSERT INTO guest(guest_id,invoice_address_id,account_id,profile_description,contact_email,contact_phone) VALUES(20,40,40,'dafgagafjahfajklfah afasjashashkas','testemail@email.com','02125731363');

INSERT INTO host(host_id, invoice_address_id, account_id, profile_description, contact_email, contact_phone, bank_account_number, iban, bic) VALUES (1,11,11,'this is a test profile description', 'test_email@email.com','05555444','1234563','AT8944500004456','GETAAAX' );
INSERT INTO host(host_id, invoice_address_id, account_id, profile_description, contact_email, contact_phone, bank_account_number, iban, bic) VALUES (2,12,12,'Lorem ipsum dolor sit amet, consectetur adipiscing elit, sed do eiusmod tempor incididunt ut labore et dolore magna aliqua. Ut enim ad minim veniam, quis nostrud exercitation ullamco laboris nisi ut aliquip ex ea commodo consequat. Duis aute irure dolor in reprehenderit in voluptate velit esse cillum dolore eu fugiat nulla pariatur. Excepteur sint occaecat cupidatat non proident, sunt in culpa qui officia deserunt mollit anim id est laborum.', 'test_email2@email.com','05555442','22234563','DE8944500004456','BNKBICC');
INSERT INTO host(host_id, invoice_address_id, account_id, profile_description, contact_email, contact_phone, bank_account_number, iban, bic) VALUES (3,13,13,'this is a test profile description', 'test_email@email.com','05555444','1234563','AT8944500004456','GETAAAX' );
INSERT INTO host(host_id, invoice_address_id, account_id, profile_description, contact_email, contact_phone, bank_account_number, iban, bic) VALUES (4,14,14,'Lorem ipsum dolor sit amet, consectetur adipiscing elit, sed do eiusmod tempor incididunt ut labore et dolore magna aliqua. Ut enim ad minim veniam, quis nostrud exercitation ullamco laboris nisi ut aliquip ex ea commodo consequat. Duis aute irure dolor in reprehenderit in voluptate velit esse cillum dolore eu fugiat nulla pariatur. Excepteur sint occaecat cupidatat non proident, sunt in culpa qui officia deserunt mollit anim id est laborum.', 'test_email2@email.com','05555442','22234563','DE8944500004456','BNKBICC');
INSERT INTO host(host_id, invoice_address_id, account_id, profile_description, contact_email, contact_phone, bank_account_number, iban, bic) VALUES (5,15,15,'this is a test profile description', 'test_email@email.com','05555444','1234563','AT8944500004456','GETAAAX' );
INSERT INTO host(host_id, invoice_address_id, account_id, profile_description, contact_email, contact_phone, bank_account_number, iban, bic) VALUES (6,16,16,'Lorem ipsum dolor sit amet, consectetur adipiscing elit, sed do eiusmod tempor incididunt ut labore et dolore magna aliqua. Ut enim ad minim veniam, quis nostrud exercitation ullamco laboris nisi ut aliquip ex ea commodo consequat. Duis aute irure dolor in reprehenderit in voluptate velit esse cillum dolore eu fugiat nulla pariatur. Excepteur sint occaecat cupidatat non proident, sunt in culpa qui officia deserunt mollit anim id est laborum.'    , 'test_email2@email.com','05555442','22234563','DE8944500004456','BNKBICC');
INSERT INTO host(host_id, invoice_address_id, account_id, profile_description, contact_email, contact_phone, bank_account_number, iban, bic) VALUES (7,17,17,'this is a test profile description', 'test_email@email.com','05555444','1234563','AT8944500004456','GETAAAX' );
INSERT INTO host(host_id, invoice_address_id, account_id, profile_description, contact_email, contact_phone, bank_account_number, iban, bic) VALUES (8,18,18,'Lorem ipsum dolor sit amet, consectetur adipiscing elit, sed do eiusmod tempor incididunt ut labore et dolore magna aliqua. Ut enim ad minim veniam, quis nostrud exercitation ullamco laboris nisi ut aliquip ex ea commodo consequat. Duis aute irure dolor in reprehenderit in voluptate velit esse cillum dolore eu fugiat nulla pariatur. Excepteur sint occaecat cupidatat non proident, sunt in culpa qui officia deserunt mollit anim id est laborum.'    , 'test_email2@email.com','05555442','22234563','DE8944500004456','BNKBICC');
INSERT INTO host(host_id, invoice_address_id, account_id, profile_description, contact_email, contact_phone, bank_account_number, iban, bic) VALUES (9,19,19,'this is a test profile description', 'test_email@email.com','05555444','1234563','AT8944500004456','GETAAAX' );
INSERT INTO host(host_id, invoice_address_id, account_id, profile_description, contact_email, contact_phone, bank_account_number, iban, bic) VALUES (10,20,20,'Lorem ipsum dolor sit amet, consectetur adipiscing elit, sed do eiusmod tempor incididunt ut labore et dolore magna aliqua. Ut enim ad minim veniam, quis nostrud exercitation ullamco laboris nisi ut aliquip ex ea commodo consequat. Duis aute irure dolor in reprehenderit in voluptate velit esse cillum dolore eu fugiat nulla pariatur. Excepteur sint occaecat cupidatat non proident, sunt in culpa qui officia deserunt mollit anim id est laborum.'    , 'test_email2@email.com','05555442','22234563','DE8944500004456','BNKBICC');
INSERT INTO host(host_id, invoice_address_id, account_id, profile_description, contact_email, contact_phone, bank_account_number, iban, bic) VALUES (11,21,21,'this is a test profile description', 'test_email@email.com','05555444','1234563','AT8944500004456','GETAAAX' );
INSERT INTO host(host_id, invoice_address_id, account_id, profile_description, contact_email, contact_phone, bank_account_number, iban, bic) VALUES (12,22,22,'Lorem ipsum dolor sit amet, consectetur adipiscing elit, sed do eiusmod tempor incididunt ut labore et dolore magna aliqua. Ut enim ad minim veniam, quis nostrud exercitation ullamco laboris nisi ut aliquip ex ea commodo consequat. Duis aute irure dolor in reprehenderit in voluptate velit esse cillum dolore eu fugiat nulla pariatur. Excepteur sint occaecat cupidatat non proident, sunt in culpa qui officia deserunt mollit anim id est laborum.'    , 'test_email2@email.com','05555442','22234563','DE8944500004456','BNKBICC');
INSERT INTO host(host_id, invoice_address_id, account_id, profile_description, contact_email, contact_phone, bank_account_number, iban, bic) VALUES (13,23,23,'this is a test profile description', 'test_email@email.com','05555444','1234563','AT8944500004456','GETAAAX' );
INSERT INTO host(host_id, invoice_address_id, account_id, profile_description, contact_email, contact_phone, bank_account_number, iban, bic) VALUES (14,24,24,'Lorem ipsum dolor sit amet, consectetur adipiscing elit, sed do eiusmod tempor incididunt ut labore et dolore magna aliqua. Ut enim ad minim veniam, quis nostrud exercitation ullamco laboris nisi ut aliquip ex ea commodo consequat. Duis aute irure dolor in reprehenderit in voluptate velit esse cillum dolore eu fugiat nulla pariatur. Excepteur sint occaecat cupidatat non proident, sunt in culpa qui officia deserunt mollit anim id est laborum.'    , 'test_email2@email.com','05555442','22234563','DE8944500004456','BNKBICC');
INSERT INTO host(host_id, invoice_address_id, account_id, profile_description, contact_email, contact_phone, bank_account_number, iban, bic) VALUES (15,25,25,'this is a test profile description', 'test_email@email.com','05555444','1234563','AT8944500004456','GETAAAX' );
INSERT INTO host(host_id, invoice_address_id, account_id, profile_description, contact_email, contact_phone, bank_account_number, iban, bic) VALUES (16,26,26,'Lorem ipsum dolor sit amet, consectetur adipiscing elit, sed do eiusmod tempor incididunt ut labore et dolore magna aliqua. Ut enim ad minim veniam, quis nostrud exercitation ullamco laboris nisi ut aliquip ex ea commodo consequat. Duis aute irure dolor in reprehenderit in voluptate velit esse cillum dolore eu fugiat nulla pariatur. Excepteur sint occaecat cupidatat non proident, sunt in culpa qui officia deserunt mollit anim id est laborum.'    , 'test_email2@email.com','05555442','22234563','DE8944500004456','BNKBICC');
INSERT INTO host(host_id, invoice_address_id, account_id, profile_description, contact_email, contact_phone, bank_account_number, iban, bic) VALUES (17,27,27,'this is a test profile description', 'test_email@email.com','05555444','1234563','AT8944500004456','GETAAAX' );
INSERT INTO host(host_id, invoice_address_id, account_id, profile_description, contact_email, contact_phone, bank_account_number, iban, bic) VALUES (18,28,28,'Lorem ipsum dolor sit amet, consectetur adipiscing elit, sed do eiusmod tempor incididunt ut labore et dolore magna aliqua. Ut enim ad minim veniam, quis nostrud exercitation ullamco laboris nisi ut aliquip ex ea commodo consequat. Duis aute irure dolor in reprehenderit in voluptate velit esse cillum dolore eu fugiat nulla pariatur. Excepteur sint occaecat cupidatat non proident, sunt in culpa qui officia deserunt mollit anim id est laborum.'    , 'test_email2@email.com','05555442','22234563','DE8944500004456','BNKBICC');
INSERT INTO host(host_id, invoice_address_id, account_id, profile_description, contact_email, contact_phone, bank_account_number, iban, bic) VALUES (19,29,29,'this is a test profile description', 'test_email@email.com','05555444','1234563','AT8944500004456','GETAAAX' );
INSERT INTO host(host_id, invoice_address_id, account_id, profile_description, contact_email, contact_phone, bank_account_number, iban, bic) VALUES (20,30,30,'Lorem ipsum dolor sit amet, consectetur adipiscing elit, sed do eiusmod tempor incididunt ut labore et dolore magna aliqua. Ut enim ad minim veniam, quis nostrud exercitation ullamco laboris nisi ut aliquip ex ea commodo consequat. Duis aute irure dolor in reprehenderit in voluptate velit esse cillum dolore eu fugiat nulla pariatur. Excepteur sint occaecat cupidatat non proident, sunt in culpa qui officia deserunt mollit anim id est laborum.'    , 'test_email2@email.com','05555442','22234563','DE8944500004456','BNKBICC');

INSERT INTO social_media_profile_host(social_media_profile_id, host_id, social_media_type_id, account_url) VALUES(1, 1, 1,'https://www.facebook.com/sharer.php?u=test');
INSERT INTO social_media_profile_host(social_media_profile_id, host_id, social_media_type_id, account_url) VALUES(2, 2, 2,'https://www.facebook.com/sharer.php?u=test1');
INSERT INTO social_media_profile_host(social_media_profile_id, host_id, social_media_type_id, account_url) VALUES(3, 3, 3,'https://www.facebook.com/sharer.php?u=test2');
INSERT INTO social_media_profile_host(social_media_profile_id, host_id, social_media_type_id, account_url) VALUES(4, 4, 4,'https://www.facebook.com/sharer.php?u=test3');
INSERT INTO social_media_profile_host(social_media_profile_id, host_id, social_media_type_id, account_url) VALUES(5, 5, 5,'https://www.facebook.com/sharer.php?u=test4');
INSERT INTO social_media_profile_host(social_media_profile_id, host_id, social_media_type_id, account_url) VALUES(6, 6, 6,'https://www.facebook.com/sharer.php?u=test5');
INSERT INTO social_media_profile_host(social_media_profile_id, host_id, social_media_type_id, account_url) VALUES(7, 7, 7,'https://www.facebook.com/sharer.php?u=test6');
INSERT INTO social_media_profile_host(social_media_profile_id, host_id, social_media_type_id, account_url) VALUES(8, 8, 8,'https://www.facebook.com/sharer.php?u=test7');
INSERT INTO social_media_profile_host(social_media_profile_id, host_id, social_media_type_id, account_url) VALUES(9, 9, 9,'https://www.facebook.com/sharer.php?u=test8');
INSERT INTO social_media_profile_host(social_media_profile_id, host_id, social_media_type_id, account_url) VALUES(10, 10, 10,'https://www.facebook.com/sharer.php?u=test9');
INSERT INTO social_media_profile_host(social_media_profile_id, host_id, social_media_type_id, account_url) VALUES(11, 11, 11,'https://www.facebook.com/sharer.php?u=test10');
INSERT INTO social_media_profile_host(social_media_profile_id, host_id, social_media_type_id, account_url) VALUES(12, 12, 12,'https://www.facebook.com/sharer.php?u=test11');
INSERT INTO social_media_profile_host(social_media_profile_id, host_id, social_media_type_id, account_url) VALUES(13, 13, 13,'https://www.facebook.com/sharer.php?u=test12');
INSERT INTO social_media_profile_host(social_media_profile_id, host_id, social_media_type_id, account_url) VALUES(14, 14, 14,'https://www.facebook.com/sharer.php?u=test13');
INSERT INTO social_media_profile_host(social_media_profile_id, host_id, social_media_type_id, account_url) VALUES(15, 15, 15,'https://www.facebook.com/sharer.php?u=test14');
INSERT INTO social_media_profile_host(social_media_profile_id, host_id, social_media_type_id, account_url) VALUES(16, 16, 16,'https://www.facebook.com/sharer.php?u=test15');
INSERT INTO social_media_profile_host(social_media_profile_id, host_id, social_media_type_id, account_url) VALUES(17, 17, 17,'https://www.facebook.com/sharer.php?u=test16');
INSERT INTO social_media_profile_host(social_media_profile_id, host_id, social_media_type_id, account_url) VALUES(18, 18, 18,'https://www.facebook.com/sharer.php?u=test17');
INSERT INTO social_media_profile_host(social_media_profile_id, host_id, social_media_type_id, account_url) VALUES(19, 19, 19,'https://www.facebook.com/sharer.php?u=test18');
INSERT INTO social_media_profile_host(social_media_profile_id, host_id, social_media_type_id, account_url) VALUES(20, 20, 20,'https://www.facebook.com/sharer.php?u=test19');

INSERT INTO social_media_profile_guest(social_media_profile_id, guest_id, social_media_type_id, account_url) VALUES(1, 1, 1,'https://www.facebook.com/sharer.php?u=test');
INSERT INTO social_media_profile_guest(social_media_profile_id, guest_id, social_media_type_id, account_url) VALUES(2, 2, 2,'https://www.facebook.com/sharer.php?u=test1');
INSERT INTO social_media_profile_guest(social_media_profile_id, guest_id, social_media_type_id, account_url) VALUES(3, 3, 3,'https://www.facebook.com/sharer.php?u=test2');
INSERT INTO social_media_profile_guest(social_media_profile_id, guest_id, social_media_type_id, account_url) VALUES(4, 4, 4,'https://www.facebook.com/sharer.php?u=test3');
INSERT INTO social_media_profile_guest(social_media_profile_id, guest_id, social_media_type_id, account_url) VALUES(5, 5, 5,'https://www.facebook.com/sharer.php?u=test4');
INSERT INTO social_media_profile_guest(social_media_profile_id, guest_id, social_media_type_id, account_url) VALUES(6, 6, 6,'https://www.facebook.com/sharer.php?u=test5');
INSERT INTO social_media_profile_guest(social_media_profile_id, guest_id, social_media_type_id, account_url) VALUES(7, 7, 7,'https://www.facebook.com/sharer.php?u=test6');
INSERT INTO social_media_profile_guest(social_media_profile_id, guest_id, social_media_type_id, account_url) VALUES(8, 8, 8,'https://www.facebook.com/sharer.php?u=test7');
INSERT INTO social_media_profile_guest(social_media_profile_id, guest_id, social_media_type_id, account_url) VALUES(9, 9, 9,'https://www.facebook.com/sharer.php?u=test8');
INSERT INTO social_media_profile_guest(social_media_profile_id, guest_id, social_media_type_id, account_url) VALUES(10, 10, 10,'https://www.facebook.com/sharer.php?u=test9');
INSERT INTO social_media_profile_guest(social_media_profile_id, guest_id, social_media_type_id, account_url) VALUES(11, 11, 11,'https://www.facebook.com/sharer.php?u=test10');
INSERT INTO social_media_profile_guest(social_media_profile_id, guest_id, social_media_type_id, account_url) VALUES(12, 12, 12,'https://www.facebook.com/sharer.php?u=test11');
INSERT INTO social_media_profile_guest(social_media_profile_id, guest_id, social_media_type_id, account_url) VALUES(13, 13, 13,'https://www.facebook.com/sharer.php?u=test12');
INSERT INTO social_media_profile_guest(social_media_profile_id, guest_id, social_media_type_id, account_url) VALUES(14, 14, 14,'https://www.facebook.com/sharer.php?u=test13');
INSERT INTO social_media_profile_guest(social_media_profile_id, guest_id, social_media_type_id, account_url) VALUES(15, 15, 15,'https://www.facebook.com/sharer.php?u=test14');
INSERT INTO social_media_profile_guest(social_media_profile_id, guest_id, social_media_type_id, account_url) VALUES(16, 16, 16,'https://www.facebook.com/sharer.php?u=test15');
INSERT INTO social_media_profile_guest(social_media_profile_id, guest_id, social_media_type_id, account_url) VALUES(17, 17, 17,'https://www.facebook.com/sharer.php?u=test16');
INSERT INTO social_media_profile_guest(social_media_profile_id, guest_id, social_media_type_id, account_url) VALUES(18, 18, 18,'https://www.facebook.com/sharer.php?u=test17');
INSERT INTO social_media_profile_guest(social_media_profile_id, guest_id, social_media_type_id, account_url) VALUES(19, 19, 19,'https://www.facebook.com/sharer.php?u=test18');
INSERT INTO social_media_profile_guest(social_media_profile_id, guest_id, social_media_type_id, account_url) VALUES(20, 20, 20,'https://www.facebook.com/sharer.php?u=test19');

INSERT INTO profile_pic_guest(picture_id, guest_id, file_location, title) VALUES (1,1,'/images/profiles/testprofile1.jpg','profile_pic_test_user1');
INSERT INTO profile_pic_guest(picture_id, guest_id, file_location, title) VALUES (2,2,'/images/profiles/testprofile2.jpg','profile_pic_test_user2');
INSERT INTO profile_pic_guest(picture_id, guest_id, file_location, title) VALUES (3,3,'/images/profiles/testprofile3.jpg','profile_pic_test_user3');
INSERT INTO profile_pic_guest(picture_id, guest_id, file_location, title) VALUES (4,4,'/images/profiles/testprofile4.jpg','profile_pic_test_user4');
INSERT INTO profile_pic_guest(picture_id, guest_id, file_location, title) VALUES (5,5,'/images/profiles/testprofile5.jpg','profile_pic_test_user5');
INSERT INTO profile_pic_guest(picture_id, guest_id, file_location, title) VALUES (6,6,'/images/profiles/testprofile6.jpg','profile_pic_test_user6');
INSERT INTO profile_pic_guest(picture_id, guest_id, file_location, title) VALUES (7,7,'/images/profiles/testprofile7.jpg','profile_pic_test_user7');
INSERT INTO profile_pic_guest(picture_id, guest_id, file_location, title) VALUES (8,8,'/images/profiles/testprofile8.jpg','profile_pic_test_user8');
INSERT INTO profile_pic_guest(picture_id, guest_id, file_location, title) VALUES (9,9,'/images/profiles/testprofile9.jpg','profile_pic_test_user9');
INSERT INTO profile_pic_guest(picture_id, guest_id, file_location, title) VALUES (10,10,'/images/profiles/testprofile10.jpg','profile_pic_test_user10');
INSERT INTO profile_pic_guest(picture_id, guest_id, file_location, title) VALUES (11,11,'/images/profiles/testprofile11.jpg','profile_pic_test_user11');
INSERT INTO profile_pic_guest(picture_id, guest_id, file_location, title) VALUES (12,12,'/images/profiles/testprofile12.jpg','profile_pic_test_user12');
INSERT INTO profile_pic_guest(picture_id, guest_id, file_location, title) VALUES (13,13,'/images/profiles/testprofile13.jpg','profile_pic_test_user13');
INSERT INTO profile_pic_guest(picture_id, guest_id, file_location, title) VALUES (14,14,'/images/profiles/testprofile14.jpg','profile_pic_test_user14');
INSERT INTO profile_pic_guest(picture_id, guest_id, file_location, title) VALUES (15,15,'/images/profiles/testprofile15.jpg','profile_pic_test_user15');
INSERT INTO profile_pic_guest(picture_id, guest_id, file_location, title) VALUES (16,16,'/images/profiles/testprofile16.jpg','profile_pic_test_user16');
INSERT INTO profile_pic_guest(picture_id, guest_id, file_location, title) VALUES (17,17,'/images/profiles/testprofile17.jpg','profile_pic_test_user17');
INSERT INTO profile_pic_guest(picture_id, guest_id, file_location, title) VALUES (18,18,'/images/profiles/testprofile18.jpg','profile_pic_test_user18');
INSERT INTO profile_pic_guest(picture_id, guest_id, file_location, title) VALUES (19,19,'/images/profiles/testprofile19.jpg','profile_pic_test_user19');
INSERT INTO profile_pic_guest(picture_id, guest_id, file_location, title) VALUES (20,20,'/images/profiles/testprofile20.jpg','profile_pic_test_user20');

INSERT INTO profile_pic_host(picture_id, host_id, file_location, title) VALUES (1,1,'/images/profiles/testprofile1.jpg','profile_pic_test_user1');
INSERT INTO profile_pic_host(picture_id, host_id, file_location, title) VALUES (2,2,'/images/profiles/testprofile2.jpg','profile_pic_test_user2');
INSERT INTO profile_pic_host(picture_id, host_id, file_location, title) VALUES (3,3,'/images/profiles/testprofile3.jpg','profile_pic_test_user3');
INSERT INTO profile_pic_host(picture_id, host_id, file_location, title) VALUES (4,4,'/images/profiles/testprofile4.jpg','profile_pic_test_user4');
INSERT INTO profile_pic_host(picture_id, host_id, file_location, title) VALUES (5,5,'/images/profiles/testprofile5.jpg','profile_pic_test_user5');
INSERT INTO profile_pic_host(picture_id, host_id, file_location, title) VALUES (6,6,'/images/profiles/testprofile6.jpg','profile_pic_test_user6');
INSERT INTO profile_pic_host(picture_id, host_id, file_location, title) VALUES (7,7,'/images/profiles/testprofile7.jpg','profile_pic_test_user7');
INSERT INTO profile_pic_host(picture_id, host_id, file_location, title) VALUES (8,8,'/images/profiles/testprofile8.jpg','profile_pic_test_user8');
INSERT INTO profile_pic_host(picture_id, host_id, file_location, title) VALUES (9,9,'/images/profiles/testprofile9.jpg','profile_pic_test_user9');
INSERT INTO profile_pic_host(picture_id, host_id, file_location, title) VALUES (10,10,'/images/profiles/testprofile10.jpg','profile_pic_test_user10');
INSERT INTO profile_pic_host(picture_id, host_id, file_location, title) VALUES (11,11,'/images/profiles/testprofile11.jpg','profile_pic_test_user11');
INSERT INTO profile_pic_host(picture_id, host_id, file_location, title) VALUES (12,12,'/images/profiles/testprofile12.jpg','profile_pic_test_user12');
INSERT INTO profile_pic_host(picture_id, host_id, file_location, title) VALUES (13,13,'/images/profiles/testprofile13.jpg','profile_pic_test_user13');
INSERT INTO profile_pic_host(picture_id, host_id, file_location, title) VALUES (14,14,'/images/profiles/testprofile14.jpg','profile_pic_test_user14');
INSERT INTO profile_pic_host(picture_id, host_id, file_location, title) VALUES (15,15,'/images/profiles/testprofile15.jpg','profile_pic_test_user15');
INSERT INTO profile_pic_host(picture_id, host_id, file_location, title) VALUES (16,16,'/images/profiles/testprofile16.jpg','profile_pic_test_user16');
INSERT INTO profile_pic_host(picture_id, host_id, file_location, title) VALUES (17,17,'/images/profiles/testprofile17.jpg','profile_pic_test_user17');
INSERT INTO profile_pic_host(picture_id, host_id, file_location, title) VALUES (18,18,'/images/profiles/testprofile18.jpg','profile_pic_test_user18');
INSERT INTO profile_pic_host(picture_id, host_id, file_location, title) VALUES (19,19,'/images/profiles/testprofile19.jpg','profile_pic_test_user19');
INSERT INTO profile_pic_host(picture_id, host_id, file_location, title) VALUES (20,20,'/images/profiles/testprofile20.jpg','profile_pic_test_user20');

INSERT INTO accomodation (accomodation_id, accomodation_type_id, address_id, capacity, host_id, description) VALUES (1, 5, 41, 1, 3, 'accommodation description test 1');
INSERT INTO accomodation (accomodation_id, accomodation_type_id, address_id, capacity, host_id, description) VALUES (2, 2, 42, 6, 19, 'accommodation description test 2');
INSERT INTO accomodation (accomodation_id, accomodation_type_id, address_id, capacity, host_id, description) VALUES (3, 5, 43, 1, 15, 'accommodation description test 3');
INSERT INTO accomodation (accomodation_id, accomodation_type_id, address_id, capacity, host_id, description) VALUES (4, 4, 44, 4, 8, 'accommodation description test 4');
INSERT INTO accomodation (accomodation_id, accomodation_type_id, address_id, capacity, host_id, description) VALUES (5, 5, 45, 9, 10, 'accommodation description test 5');
INSERT INTO accomodation (accomodation_id, accomodation_type_id, address_id, capacity, host_id, description) VALUES (6, 3, 46, 9, 1, 'accommodation description test 6');
INSERT INTO accomodation (accomodation_id, accomodation_type_id, address_id, capacity, host_id, description) VALUES (7, 1, 47, 7, 15, 'accommodation description test 7');
INSERT INTO accomodation (accomodation_id, accomodation_type_id, address_id, capacity, host_id, description) VALUES (8, 3, 48, 4, 11, 'accommodation description test 8');
INSERT INTO accomodation (accomodation_id, accomodation_type_id, address_id, capacity, host_id, description) VALUES (9, 3, 49, 5, 6, 'accommodation description test 9');
INSERT INTO accomodation (accomodation_id, accomodation_type_id, address_id, capacity, host_id, description) VALUES (10, 3, 50, 4, 4, 'accommodation description test 10');
INSERT INTO accomodation (accomodation_id, accomodation_type_id, address_id, capacity, host_id, description) VALUES (11, 2, 51, 8, 20, 'accommodation description test 11');
INSERT INTO accomodation (accomodation_id, accomodation_type_id, address_id, capacity, host_id, description) VALUES (12, 1, 52, 4, 10, 'accommodation description test 12');
INSERT INTO accomodation (accomodation_id, accomodation_type_id, address_id, capacity, host_id, description) VALUES (13, 1, 53, 9, 20, 'accommodation description test 13');
INSERT INTO accomodation (accomodation_id, accomodation_type_id, address_id, capacity, host_id, description) VALUES (14, 1, 54, 2, 1, 'accommodation description test 14');
INSERT INTO accomodation (accomodation_id, accomodation_type_id, address_id, capacity, host_id, description) VALUES (15, 2, 55, 7, 2, 'accommodation description test 15');
INSERT INTO accomodation (accomodation_id, accomodation_type_id, address_id, capacity, host_id, description) VALUES (16, 5, 56, 9, 9, 'accommodation description test 16');
INSERT INTO accomodation (accomodation_id, accomodation_type_id, address_id, capacity, host_id, description) VALUES (17, 1, 57, 6, 4, 'accommodation description test 17');
INSERT INTO accomodation (accomodation_id, accomodation_type_id, address_id, capacity, host_id, description) VALUES (18, 1, 58, 1, 8, 'accommodation description test 18');
INSERT INTO accomodation (accomodation_id, accomodation_type_id, address_id, capacity, host_id, description) VALUES (19, 4, 59, 6, 9, 'accommodation description test 19');
INSERT INTO accomodation (accomodation_id, accomodation_type_id, address_id, capacity, host_id, description) VALUES (20, 4, 60, 8, 16, 'accommodation description test 20');
INSERT INTO accomodation (accomodation_id, accomodation_type_id, address_id, capacity, host_id, description) VALUES (21, 5, 61, 3, 6, 'accommodation description test 21');
INSERT INTO accomodation (accomodation_id, accomodation_type_id, address_id, capacity, host_id, description) VALUES (22, 1, 62, 10, 18, 'accommodation description test 22');
INSERT INTO accomodation (accomodation_id, accomodation_type_id, address_id, capacity, host_id, description) VALUES (23, 1, 63, 5, 9, 'accommodation description test 23');
INSERT INTO accomodation (accomodation_id, accomodation_type_id, address_id, capacity, host_id, description) VALUES (24, 1, 64, 3, 3, 'accommodation description test 24');
INSERT INTO accomodation (accomodation_id, accomodation_type_id, address_id, capacity, host_id, description) VALUES (25, 1, 65, 1, 15, 'accommodation description test 25');
INSERT INTO accomodation (accomodation_id, accomodation_type_id, address_id, capacity, host_id, description) VALUES (26, 2, 66, 1, 9, 'accommodation description test 26');
INSERT INTO accomodation (accomodation_id, accomodation_type_id, address_id, capacity, host_id, description) VALUES (27, 4, 67, 9, 9, 'accommodation description test 27');
INSERT INTO accomodation (accomodation_id, accomodation_type_id, address_id, capacity, host_id, description) VALUES (28, 3, 68, 10, 1, 'accommodation description test 28');
INSERT INTO accomodation (accomodation_id, accomodation_type_id, address_id, capacity, host_id, description) VALUES (29, 2, 69, 4, 10, 'accommodation description test 29');
INSERT INTO accomodation (accomodation_id, accomodation_type_id, address_id, capacity, host_id, description) VALUES (30, 2, 70, 3, 14, 'accommodation description test 30');
INSERT INTO accomodation (accomodation_id, accomodation_type_id, address_id, capacity, host_id, description) VALUES (31, 1, 71, 3, 16, 'accommodation description test 31');
INSERT INTO accomodation (accomodation_id, accomodation_type_id, address_id, capacity, host_id, description) VALUES (32, 5, 72, 8, 9, 'accommodation description test 32');
INSERT INTO accomodation (accomodation_id, accomodation_type_id, address_id, capacity, host_id, description) VALUES (33, 5, 73, 9, 15, 'accommodation description test 33');
INSERT INTO accomodation (accomodation_id, accomodation_type_id, address_id, capacity, host_id, description) VALUES (34, 4, 74, 5, 15, 'accommodation description test 34');
INSERT INTO accomodation (accomodation_id, accomodation_type_id, address_id, capacity, host_id, description) VALUES (35, 5, 75, 5, 9, 'accommodation description test 35');
INSERT INTO accomodation (accomodation_id, accomodation_type_id, address_id, capacity, host_id, description) VALUES (36, 1, 76, 4, 7, 'accommodation description test 36');
INSERT INTO accomodation (accomodation_id, accomodation_type_id, address_id, capacity, host_id, description) VALUES (37, 1, 77, 4, 7, 'accommodation description test 37');
INSERT INTO accomodation (accomodation_id, accomodation_type_id, address_id, capacity, host_id, description) VALUES (38, 4, 78, 8, 10, 'accommodation description test 38');
INSERT INTO accomodation (accomodation_id, accomodation_type_id, address_id, capacity, host_id, description) VALUES (39, 1, 79, 8, 10, 'accommodation description test 39');
INSERT INTO accomodation (accomodation_id, accomodation_type_id, address_id, capacity, host_id, description) VALUES (40, 3, 80, 7, 4, 'accommodation description test 40');
INSERT INTO accomodation (accomodation_id, accomodation_type_id, address_id, capacity, host_id, description) VALUES (41, 4, 81, 10, 20, 'accommodation description test 41');
INSERT INTO accomodation (accomodation_id, accomodation_type_id, address_id, capacity, host_id, description) VALUES (42, 5, 82, 1, 6, 'accommodation description test 42');
INSERT INTO accomodation (accomodation_id, accomodation_type_id, address_id, capacity, host_id, description) VALUES (43, 3, 83, 1, 8, 'accommodation description test 43');
INSERT INTO accomodation (accomodation_id, accomodation_type_id, address_id, capacity, host_id, description) VALUES (44, 5, 84, 7, 3, 'accommodation description test 44');
INSERT INTO accomodation (accomodation_id, accomodation_type_id, address_id, capacity, host_id, description) VALUES (45, 2, 85, 5, 6, 'accommodation description test 45');
INSERT INTO accomodation (accomodation_id, accomodation_type_id, address_id, capacity, host_id, description) VALUES (46, 3, 86, 9, 4, 'accommodation description test 46');
INSERT INTO accomodation (accomodation_id, accomodation_type_id, address_id, capacity, host_id, description) VALUES (47, 3, 87, 2, 12, 'accommodation description test 47');
INSERT INTO accomodation (accomodation_id, accomodation_type_id, address_id, capacity, host_id, description) VALUES (48, 1, 88, 7, 6, 'accommodation description test 48');
INSERT INTO accomodation (accomodation_id, accomodation_type_id, address_id, capacity, host_id, description) VALUES (49, 4, 89, 4, 5, 'accommodation description test 49');
INSERT INTO accomodation (accomodation_id, accomodation_type_id, address_id, capacity, host_id, description) VALUES (50, 3, 90, 9, 11, 'accommodation description test 50');
INSERT INTO accomodation (accomodation_id, accomodation_type_id, address_id, capacity, host_id, description) VALUES (51, 2, 91, 9, 13, 'accommodation description test 51');
INSERT INTO accomodation (accomodation_id, accomodation_type_id, address_id, capacity, host_id, description) VALUES (52, 2, 92, 1, 1, 'accommodation description test 52');
INSERT INTO accomodation (accomodation_id, accomodation_type_id, address_id, capacity, host_id, description) VALUES (53, 2, 93, 1, 1, 'accommodation description test 53');
INSERT INTO accomodation (accomodation_id, accomodation_type_id, address_id, capacity, host_id, description) VALUES (54, 2, 94, 9, 10, 'accommodation description test 54');
INSERT INTO accomodation (accomodation_id, accomodation_type_id, address_id, capacity, host_id, description) VALUES (55, 4, 95, 9, 3, 'accommodation description test 55');
INSERT INTO accomodation (accomodation_id, accomodation_type_id, address_id, capacity, host_id, description) VALUES (56, 5, 96, 5, 17, 'accommodation description test 56');
INSERT INTO accomodation (accomodation_id, accomodation_type_id, address_id, capacity, host_id, description) VALUES (57, 4, 97, 5, 4, 'accommodation description test 57');
INSERT INTO accomodation (accomodation_id, accomodation_type_id, address_id, capacity, host_id, description) VALUES (58, 2, 98, 8, 3, 'accommodation description test 58');
INSERT INTO accomodation (accomodation_id, accomodation_type_id, address_id, capacity, host_id, description) VALUES (59, 1, 99, 7, 14, 'accommodation description test 59');
INSERT INTO accomodation (accomodation_id, accomodation_type_id, address_id, capacity, host_id, description) VALUES (60, 1, 100, 4, 16, 'accommodation description test 60');

INSERT INTO booking_status (booking_status_id, booking_status) VALUES (1, 'REQUESTED');
INSERT INTO booking_status (booking_status_id, booking_status) VALUES (2, 'PENDING');
INSERT INTO booking_status (booking_status_id, booking_status) VALUES (3, 'REJECTED');
INSERT INTO booking_status (booking_status_id, booking_status) VALUES (4, 'APPROVED');
INSERT INTO booking_status (booking_status_id, booking_status) VALUES (5, 'CANCELLED');
INSERT INTO booking_status (booking_status_id, booking_status) VALUES (6, 'OVERDUE');

INSERT INTO booking (booking_id, guest_id, accomodation_id, booking_from, booking_until, booking_status_id) VALUES (1, 10, 29, str_to_date('09.06.2022','%d.%m.%Y'), str_to_date('07.07.2022','%d.%m.%Y'), 3);
INSERT INTO booking (booking_id, guest_id, accomodation_id, booking_from, booking_until, booking_status_id) VALUES (2, 16, 1, str_to_date('26.01.2022','%d.%m.%Y'), str_to_date('01.02.2022','%d.%m.%Y'), 3);
INSERT INTO booking (booking_id, guest_id, accomodation_id, booking_from, booking_until, booking_status_id) VALUES (3, 13, 29, str_to_date('07.05.2021','%d.%m.%Y'), str_to_date('18.05.2021','%d.%m.%Y'), 3);
INSERT INTO booking (booking_id, guest_id, accomodation_id, booking_from, booking_until, booking_status_id) VALUES (4, 9, 8, str_to_date('13.01.2021','%d.%m.%Y'), str_to_date('06.02.2021','%d.%m.%Y'), 1);
INSERT INTO booking (booking_id, guest_id, accomodation_id, booking_from, booking_until, booking_status_id) VALUES (5, 17, 29, str_to_date('29.06.2021','%d.%m.%Y'), str_to_date('13.08.2021','%d.%m.%Y'), 2);
INSERT INTO booking (booking_id, guest_id, accomodation_id, booking_from, booking_until, booking_status_id) VALUES (6, 7, 52, str_to_date('25.01.2021','%d.%m.%Y'), str_to_date('08.03.2021','%d.%m.%Y'), 2);
INSERT INTO booking (booking_id, guest_id, accomodation_id, booking_from, booking_until, booking_status_id) VALUES (7, 16, 8, str_to_date('23.06.2021','%d.%m.%Y'), str_to_date('21.07.2021','%d.%m.%Y'), 3);
INSERT INTO booking (booking_id, guest_id, accomodation_id, booking_from, booking_until, booking_status_id) VALUES (8, 7, 30, str_to_date('09.02.2021','%d.%m.%Y'), str_to_date('18.02.2021','%d.%m.%Y'), 5);
INSERT INTO booking (booking_id, guest_id, accomodation_id, booking_from, booking_until, booking_status_id) VALUES (9, 10, 9, str_to_date('05.10.2021','%d.%m.%Y'), str_to_date('26.10.2021','%d.%m.%Y'), 3);
INSERT INTO booking (booking_id, guest_id, accomodation_id, booking_from, booking_until, booking_status_id) VALUES (10, 12, 1, str_to_date('04.03.2021','%d.%m.%Y'), str_to_date('19.03.2021','%d.%m.%Y'), 3);
INSERT INTO booking (booking_id, guest_id, accomodation_id, booking_from, booking_until, booking_status_id) VALUES (11, 17, 54, str_to_date('09.03.2021','%d.%m.%Y'), str_to_date('12.03.2021','%d.%m.%Y'), 4);
INSERT INTO booking (booking_id, guest_id, accomodation_id, booking_from, booking_until, booking_status_id) VALUES (12, 8, 27, str_to_date('24.08.2022','%d.%m.%Y'), str_to_date('25.09.2022','%d.%m.%Y'), 3);
INSERT INTO booking (booking_id, guest_id, accomodation_id, booking_from, booking_until, booking_status_id) VALUES (13, 16, 48, str_to_date('07.04.2021','%d.%m.%Y'), str_to_date('10.04.2021','%d.%m.%Y'), 2);
INSERT INTO booking (booking_id, guest_id, accomodation_id, booking_from, booking_until, booking_status_id) VALUES (14, 18, 49, str_to_date('08.07.2021','%d.%m.%Y'), str_to_date('03.08.2021','%d.%m.%Y'), 5);
INSERT INTO booking (booking_id, guest_id, accomodation_id, booking_from, booking_until, booking_status_id) VALUES (15, 11, 32, str_to_date('03.11.2021','%d.%m.%Y'), str_to_date('10.11.2021','%d.%m.%Y'), 5);
INSERT INTO booking (booking_id, guest_id, accomodation_id, booking_from, booking_until, booking_status_id) VALUES (16, 8, 22, str_to_date('14.12.2021','%d.%m.%Y'), str_to_date('25.01.2022','%d.%m.%Y'), 3);
INSERT INTO booking (booking_id, guest_id, accomodation_id, booking_from, booking_until, booking_status_id) VALUES (17, 11, 25, str_to_date('09.11.2021','%d.%m.%Y'), str_to_date('26.12.2021','%d.%m.%Y'), 4);
INSERT INTO booking (booking_id, guest_id, accomodation_id, booking_from, booking_until, booking_status_id) VALUES (18, 8, 58, str_to_date('04.05.2022','%d.%m.%Y'), str_to_date('24.05.2022','%d.%m.%Y'), 6);
INSERT INTO booking (booking_id, guest_id, accomodation_id, booking_from, booking_until, booking_status_id) VALUES (19, 8, 7, str_to_date('21.08.2021','%d.%m.%Y'), str_to_date('08.10.2021','%d.%m.%Y'), 5);
INSERT INTO booking (booking_id, guest_id, accomodation_id, booking_from, booking_until, booking_status_id) VALUES (20, 16, 9, str_to_date('20.08.2021','%d.%m.%Y'), str_to_date('23.08.2021','%d.%m.%Y'), 1);
INSERT INTO booking (booking_id, guest_id, accomodation_id, booking_from, booking_until, booking_status_id) VALUES (21, 10, 9, str_to_date('20.06.2021','%d.%m.%Y'), str_to_date('14.07.2021','%d.%m.%Y'), 2);
INSERT INTO booking (booking_id, guest_id, accomodation_id, booking_from, booking_until, booking_status_id) VALUES (22, 8, 2, str_to_date('23.03.2022','%d.%m.%Y'), str_to_date('01.04.2022','%d.%m.%Y'), 2);
INSERT INTO booking (booking_id, guest_id, accomodation_id, booking_from, booking_until, booking_status_id) VALUES (23, 4, 5, str_to_date('20.11.2021','%d.%m.%Y'), str_to_date('07.01.2022','%d.%m.%Y'), 3);
INSERT INTO booking (booking_id, guest_id, accomodation_id, booking_from, booking_until, booking_status_id) VALUES (24, 11, 19, str_to_date('09.11.2022','%d.%m.%Y'), str_to_date('22.11.2022','%d.%m.%Y'), 1);
INSERT INTO booking (booking_id, guest_id, accomodation_id, booking_from, booking_until, booking_status_id) VALUES (25, 14, 47, str_to_date('15.02.2021','%d.%m.%Y'), str_to_date('23.02.2021','%d.%m.%Y'), 4);
INSERT INTO booking (booking_id, guest_id, accomodation_id, booking_from, booking_until, booking_status_id) VALUES (26, 17, 60, str_to_date('28.04.2022','%d.%m.%Y'), str_to_date('05.06.2022','%d.%m.%Y'), 2);
INSERT INTO booking (booking_id, guest_id, accomodation_id, booking_from, booking_until, booking_status_id) VALUES (27, 5, 47, str_to_date('02.03.2022','%d.%m.%Y'), str_to_date('02.04.2022','%d.%m.%Y'), 3);
INSERT INTO booking (booking_id, guest_id, accomodation_id, booking_from, booking_until, booking_status_id) VALUES (28, 20, 13, str_to_date('14.04.2022','%d.%m.%Y'), str_to_date('02.06.2022','%d.%m.%Y'), 3);
INSERT INTO booking (booking_id, guest_id, accomodation_id, booking_from, booking_until, booking_status_id) VALUES (29, 11, 10, str_to_date('30.06.2022','%d.%m.%Y'), str_to_date('25.07.2022','%d.%m.%Y'), 5);
INSERT INTO booking (booking_id, guest_id, accomodation_id, booking_from, booking_until, booking_status_id) VALUES (30, 5, 14, str_to_date('16.08.2022','%d.%m.%Y'), str_to_date('14.09.2022','%d.%m.%Y'), 5);
INSERT INTO booking (booking_id, guest_id, accomodation_id, booking_from, booking_until, booking_status_id) VALUES (31, 16, 41, str_to_date('20.05.2021','%d.%m.%Y'), str_to_date('22.06.2021','%d.%m.%Y'), 4);
INSERT INTO booking (booking_id, guest_id, accomodation_id, booking_from, booking_until, booking_status_id) VALUES (32, 12, 39, str_to_date('10.01.2022','%d.%m.%Y'), str_to_date('31.01.2022','%d.%m.%Y'), 3);
INSERT INTO booking (booking_id, guest_id, accomodation_id, booking_from, booking_until, booking_status_id) VALUES (33, 18, 45, str_to_date('03.02.2022','%d.%m.%Y'), str_to_date('22.03.2022','%d.%m.%Y'), 1);
INSERT INTO booking (booking_id, guest_id, accomodation_id, booking_from, booking_until, booking_status_id) VALUES (34, 12, 32, str_to_date('02.06.2022','%d.%m.%Y'), str_to_date('12.06.2022','%d.%m.%Y'), 3);
INSERT INTO booking (booking_id, guest_id, accomodation_id, booking_from, booking_until, booking_status_id) VALUES (35, 11, 53, str_to_date('03.03.2022','%d.%m.%Y'), str_to_date('09.03.2022','%d.%m.%Y'), 5);
INSERT INTO booking (booking_id, guest_id, accomodation_id, booking_from, booking_until, booking_status_id) VALUES (36, 9, 40, str_to_date('23.02.2021','%d.%m.%Y'), str_to_date('05.03.2021','%d.%m.%Y'), 2);
INSERT INTO booking (booking_id, guest_id, accomodation_id, booking_from, booking_until, booking_status_id) VALUES (37, 11, 18, str_to_date('27.11.2021','%d.%m.%Y'), str_to_date('30.11.2021','%d.%m.%Y'), 2);
INSERT INTO booking (booking_id, guest_id, accomodation_id, booking_from, booking_until, booking_status_id) VALUES (38, 2, 23, str_to_date('17.01.2021','%d.%m.%Y'), str_to_date('06.03.2021','%d.%m.%Y'), 5);
INSERT INTO booking (booking_id, guest_id, accomodation_id, booking_from, booking_until, booking_status_id) VALUES (39, 9, 3, str_to_date('26.08.2022','%d.%m.%Y'), str_to_date('05.10.2022','%d.%m.%Y'), 1);
INSERT INTO booking (booking_id, guest_id, accomodation_id, booking_from, booking_until, booking_status_id) VALUES (40, 7, 2, str_to_date('18.07.2021','%d.%m.%Y'), str_to_date('01.09.2021','%d.%m.%Y'), 2);
INSERT INTO booking (booking_id, guest_id, accomodation_id, booking_from, booking_until, booking_status_id) VALUES (41, 4, 14, str_to_date('25.05.2021','%d.%m.%Y'), str_to_date('07.06.2021','%d.%m.%Y'), 3);
INSERT INTO booking (booking_id, guest_id, accomodation_id, booking_from, booking_until, booking_status_id) VALUES (42, 14, 32, str_to_date('05.07.2022','%d.%m.%Y'), str_to_date('24.08.2022','%d.%m.%Y'), 5);
INSERT INTO booking (booking_id, guest_id, accomodation_id, booking_from, booking_until, booking_status_id) VALUES (43, 15, 50, str_to_date('17.06.2022','%d.%m.%Y'), str_to_date('17.07.2022','%d.%m.%Y'), 4);
INSERT INTO booking (booking_id, guest_id, accomodation_id, booking_from, booking_until, booking_status_id) VALUES (44, 20, 2, str_to_date('13.02.2022','%d.%m.%Y'), str_to_date('24.02.2022','%d.%m.%Y'), 5);
INSERT INTO booking (booking_id, guest_id, accomodation_id, booking_from, booking_until, booking_status_id) VALUES (45, 6, 43, str_to_date('04.03.2021','%d.%m.%Y'), str_to_date('27.03.2021','%d.%m.%Y'), 1);
INSERT INTO booking (booking_id, guest_id, accomodation_id, booking_from, booking_until, booking_status_id) VALUES (46, 14, 17, str_to_date('13.08.2022','%d.%m.%Y'), str_to_date('05.09.2022','%d.%m.%Y'), 5);
INSERT INTO booking (booking_id, guest_id, accomodation_id, booking_from, booking_until, booking_status_id) VALUES (47, 11, 44, str_to_date('10.11.2021','%d.%m.%Y'), str_to_date('17.11.2021','%d.%m.%Y'), 4);
INSERT INTO booking (booking_id, guest_id, accomodation_id, booking_from, booking_until, booking_status_id) VALUES (48, 3, 9, str_to_date('23.02.2022','%d.%m.%Y'), str_to_date('01.03.2022','%d.%m.%Y'), 1);
INSERT INTO booking (booking_id, guest_id, accomodation_id, booking_from, booking_until, booking_status_id) VALUES (49, 12, 12, str_to_date('25.01.2022','%d.%m.%Y'), str_to_date('09.03.2022','%d.%m.%Y'), 1);
INSERT INTO booking (booking_id, guest_id, accomodation_id, booking_from, booking_until, booking_status_id) VALUES (50, 14, 34, str_to_date('08.11.2022','%d.%m.%Y'), str_to_date('22.12.2022','%d.%m.%Y'), 3);
INSERT INTO booking (booking_id, guest_id, accomodation_id, booking_from, booking_until, booking_status_id) VALUES (51, 13, 31, str_to_date('23.12.2022','%d.%m.%Y'), str_to_date('24.01.2023','%d.%m.%Y'), 4);
INSERT INTO booking (booking_id, guest_id, accomodation_id, booking_from, booking_until, booking_status_id) VALUES (52, 9, 50, str_to_date('17.05.2022','%d.%m.%Y'), str_to_date('26.05.2022','%d.%m.%Y'), 1);
INSERT INTO booking (booking_id, guest_id, accomodation_id, booking_from, booking_until, booking_status_id) VALUES (53, 12, 51, str_to_date('23.01.2021','%d.%m.%Y'), str_to_date('22.02.2021','%d.%m.%Y'), 1);
INSERT INTO booking (booking_id, guest_id, accomodation_id, booking_from, booking_until, booking_status_id) VALUES (54, 16, 46, str_to_date('20.11.2022','%d.%m.%Y'), str_to_date('26.11.2022','%d.%m.%Y'), 3);
INSERT INTO booking (booking_id, guest_id, accomodation_id, booking_from, booking_until, booking_status_id) VALUES (55, 4, 11, str_to_date('29.04.2021','%d.%m.%Y'), str_to_date('05.05.2021','%d.%m.%Y'), 5);
INSERT INTO booking (booking_id, guest_id, accomodation_id, booking_from, booking_until, booking_status_id) VALUES (56, 6, 30, str_to_date('19.07.2022','%d.%m.%Y'), str_to_date('28.07.2022','%d.%m.%Y'), 4);
INSERT INTO booking (booking_id, guest_id, accomodation_id, booking_from, booking_until, booking_status_id) VALUES (57, 7, 15, str_to_date('31.08.2022','%d.%m.%Y'), str_to_date('10.10.2022','%d.%m.%Y'), 4);
INSERT INTO booking (booking_id, guest_id, accomodation_id, booking_from, booking_until, booking_status_id) VALUES (58, 12, 2, str_to_date('14.11.2021','%d.%m.%Y'), str_to_date('03.01.2022','%d.%m.%Y'), 1);
INSERT INTO booking (booking_id, guest_id, accomodation_id, booking_from, booking_until, booking_status_id) VALUES (59, 17, 59, str_to_date('15.06.2022','%d.%m.%Y'), str_to_date('17.07.2022','%d.%m.%Y'), 5);
INSERT INTO booking (booking_id, guest_id, accomodation_id, booking_from, booking_until, booking_status_id) VALUES (60, 4, 54, str_to_date('08.10.2022','%d.%m.%Y'), str_to_date('26.11.2022','%d.%m.%Y'), 4);
INSERT INTO booking (booking_id, guest_id, accomodation_id, booking_from, booking_until, booking_status_id) VALUES (61, 1, 13, str_to_date('06.05.2022','%d.%m.%Y'), str_to_date('06.06.2022','%d.%m.%Y'), 6);
INSERT INTO booking (booking_id, guest_id, accomodation_id, booking_from, booking_until, booking_status_id) VALUES (62, 5, 54, str_to_date('15.02.2021','%d.%m.%Y'), str_to_date('28.02.2021','%d.%m.%Y'), 1);
INSERT INTO booking (booking_id, guest_id, accomodation_id, booking_from, booking_until, booking_status_id) VALUES (63, 1, 52, str_to_date('09.03.2022','%d.%m.%Y'), str_to_date('18.03.2022','%d.%m.%Y'), 6);
INSERT INTO booking (booking_id, guest_id, accomodation_id, booking_from, booking_until, booking_status_id) VALUES (64, 16, 43, str_to_date('05.06.2021','%d.%m.%Y'), str_to_date('17.07.2021','%d.%m.%Y'), 3);
INSERT INTO booking (booking_id, guest_id, accomodation_id, booking_from, booking_until, booking_status_id) VALUES (65, 7, 23, str_to_date('26.01.2022','%d.%m.%Y'), str_to_date('06.03.2022','%d.%m.%Y'), 1);
INSERT INTO booking (booking_id, guest_id, accomodation_id, booking_from, booking_until, booking_status_id) VALUES (66, 7, 48, str_to_date('24.05.2022','%d.%m.%Y'), str_to_date('08.06.2022','%d.%m.%Y'), 2);
INSERT INTO booking (booking_id, guest_id, accomodation_id, booking_from, booking_until, booking_status_id) VALUES (67, 20, 36, str_to_date('28.02.2021','%d.%m.%Y'), str_to_date('15.04.2021','%d.%m.%Y'), 3);
INSERT INTO booking (booking_id, guest_id, accomodation_id, booking_from, booking_until, booking_status_id) VALUES (68, 12, 21, str_to_date('21.06.2021','%d.%m.%Y'), str_to_date('26.06.2021','%d.%m.%Y'), 4);
INSERT INTO booking (booking_id, guest_id, accomodation_id, booking_from, booking_until, booking_status_id) VALUES (69, 18, 46, str_to_date('11.12.2022','%d.%m.%Y'), str_to_date('01.01.2023','%d.%m.%Y'), 4);
INSERT INTO booking (booking_id, guest_id, accomodation_id, booking_from, booking_until, booking_status_id) VALUES (70, 18, 4, str_to_date('30.12.2021','%d.%m.%Y'), str_to_date('01.02.2022','%d.%m.%Y'), 2);
INSERT INTO booking (booking_id, guest_id, accomodation_id, booking_from, booking_until, booking_status_id) VALUES (71, 7, 12, str_to_date('28.05.2021','%d.%m.%Y'), str_to_date('14.06.2021','%d.%m.%Y'), 6);
INSERT INTO booking (booking_id, guest_id, accomodation_id, booking_from, booking_until, booking_status_id) VALUES (72, 15, 12, str_to_date('06.03.2021','%d.%m.%Y'), str_to_date('11.04.2021','%d.%m.%Y'), 4);
INSERT INTO booking (booking_id, guest_id, accomodation_id, booking_from, booking_until, booking_status_id) VALUES (73, 9, 8, str_to_date('29.05.2021','%d.%m.%Y'), str_to_date('03.06.2021','%d.%m.%Y'), 1);
INSERT INTO booking (booking_id, guest_id, accomodation_id, booking_from, booking_until, booking_status_id) VALUES (74, 4, 27, str_to_date('26.09.2022','%d.%m.%Y'), str_to_date('20.10.2022','%d.%m.%Y'), 2);
INSERT INTO booking (booking_id, guest_id, accomodation_id, booking_from, booking_until, booking_status_id) VALUES (75, 10, 25, str_to_date('24.03.2022','%d.%m.%Y'), str_to_date('09.04.2022','%d.%m.%Y'), 4);
INSERT INTO booking (booking_id, guest_id, accomodation_id, booking_from, booking_until, booking_status_id) VALUES (76, 4, 38, str_to_date('16.06.2021','%d.%m.%Y'), str_to_date('02.07.2021','%d.%m.%Y'), 2);
INSERT INTO booking (booking_id, guest_id, accomodation_id, booking_from, booking_until, booking_status_id) VALUES (77, 6, 24, str_to_date('16.11.2022','%d.%m.%Y'), str_to_date('09.12.2022','%d.%m.%Y'), 1);
INSERT INTO booking (booking_id, guest_id, accomodation_id, booking_from, booking_until, booking_status_id) VALUES (78, 13, 15, str_to_date('21.02.2022','%d.%m.%Y'), str_to_date('24.02.2022','%d.%m.%Y'), 6);
INSERT INTO booking (booking_id, guest_id, accomodation_id, booking_from, booking_until, booking_status_id) VALUES (79, 10, 4, str_to_date('20.06.2021','%d.%m.%Y'), str_to_date('09.08.2021','%d.%m.%Y'), 6);
INSERT INTO booking (booking_id, guest_id, accomodation_id, booking_from, booking_until, booking_status_id) VALUES (80, 9, 3, str_to_date('28.04.2021','%d.%m.%Y'), str_to_date('03.06.2021','%d.%m.%Y'), 6);
INSERT INTO booking (booking_id, guest_id, accomodation_id, booking_from, booking_until, booking_status_id) VALUES (81, 15, 28, str_to_date('15.05.2021','%d.%m.%Y'), str_to_date('01.06.2021','%d.%m.%Y'), 3);
INSERT INTO booking (booking_id, guest_id, accomodation_id, booking_from, booking_until, booking_status_id) VALUES (82, 14, 22, str_to_date('12.09.2021','%d.%m.%Y'), str_to_date('29.10.2021','%d.%m.%Y'), 5);
INSERT INTO booking (booking_id, guest_id, accomodation_id, booking_from, booking_until, booking_status_id) VALUES (83, 5, 56, str_to_date('15.01.2022','%d.%m.%Y'), str_to_date('25.01.2022','%d.%m.%Y'), 3);
INSERT INTO booking (booking_id, guest_id, accomodation_id, booking_from, booking_until, booking_status_id) VALUES (84, 4, 57, str_to_date('13.12.2021','%d.%m.%Y'), str_to_date('31.01.2022','%d.%m.%Y'), 4);
INSERT INTO booking (booking_id, guest_id, accomodation_id, booking_from, booking_until, booking_status_id) VALUES (85, 19, 47, str_to_date('16.08.2022','%d.%m.%Y'), str_to_date('16.09.2022','%d.%m.%Y'), 2);
INSERT INTO booking (booking_id, guest_id, accomodation_id, booking_from, booking_until, booking_status_id) VALUES (86, 19, 21, str_to_date('21.09.2021','%d.%m.%Y'), str_to_date('27.10.2021','%d.%m.%Y'), 6);
INSERT INTO booking (booking_id, guest_id, accomodation_id, booking_from, booking_until, booking_status_id) VALUES (87, 6, 1, str_to_date('06.10.2022','%d.%m.%Y'), str_to_date('10.10.2022','%d.%m.%Y'), 6);
INSERT INTO booking (booking_id, guest_id, accomodation_id, booking_from, booking_until, booking_status_id) VALUES (88, 11, 11, str_to_date('05.02.2021','%d.%m.%Y'), str_to_date('04.03.2021','%d.%m.%Y'), 5);
INSERT INTO booking (booking_id, guest_id, accomodation_id, booking_from, booking_until, booking_status_id) VALUES (89, 20, 5, str_to_date('20.05.2021','%d.%m.%Y'), str_to_date('29.06.2021','%d.%m.%Y'), 4);
INSERT INTO booking (booking_id, guest_id, accomodation_id, booking_from, booking_until, booking_status_id) VALUES (90, 12, 40, str_to_date('24.06.2021','%d.%m.%Y'), str_to_date('12.08.2021','%d.%m.%Y'), 1);
INSERT INTO booking (booking_id, guest_id, accomodation_id, booking_from, booking_until, booking_status_id) VALUES (91, 2, 24, str_to_date('09.02.2022','%d.%m.%Y'), str_to_date('16.02.2022','%d.%m.%Y'), 6);
INSERT INTO booking (booking_id, guest_id, accomodation_id, booking_from, booking_until, booking_status_id) VALUES (92, 8, 37, str_to_date('22.12.2021','%d.%m.%Y'), str_to_date('03.01.2022','%d.%m.%Y'), 5);
INSERT INTO booking (booking_id, guest_id, accomodation_id, booking_from, booking_until, booking_status_id) VALUES (93, 14, 17, str_to_date('04.06.2022','%d.%m.%Y'), str_to_date('17.07.2022','%d.%m.%Y'), 1);
INSERT INTO booking (booking_id, guest_id, accomodation_id, booking_from, booking_until, booking_status_id) VALUES (94, 10, 37, str_to_date('13.04.2021','%d.%m.%Y'), str_to_date('26.04.2021','%d.%m.%Y'), 4);
INSERT INTO booking (booking_id, guest_id, accomodation_id, booking_from, booking_until, booking_status_id) VALUES (95, 20, 30, str_to_date('08.01.2022','%d.%m.%Y'), str_to_date('28.01.2022','%d.%m.%Y'), 6);
INSERT INTO booking (booking_id, guest_id, accomodation_id, booking_from, booking_until, booking_status_id) VALUES (96, 10, 12, str_to_date('25.11.2022','%d.%m.%Y'), str_to_date('07.01.2023','%d.%m.%Y'), 2);
INSERT INTO booking (booking_id, guest_id, accomodation_id, booking_from, booking_until, booking_status_id) VALUES (97, 14, 33, str_to_date('19.03.2022','%d.%m.%Y'), str_to_date('28.04.2022','%d.%m.%Y'), 4);
INSERT INTO booking (booking_id, guest_id, accomodation_id, booking_from, booking_until, booking_status_id) VALUES (98, 7, 46, str_to_date('12.06.2021','%d.%m.%Y'), str_to_date('25.07.2021','%d.%m.%Y'), 2);
INSERT INTO booking (booking_id, guest_id, accomodation_id, booking_from, booking_until, booking_status_id) VALUES (99, 3, 56, str_to_date('24.01.2021','%d.%m.%Y'), str_to_date('04.03.2021','%d.%m.%Y'), 6);
INSERT INTO booking (booking_id, guest_id, accomodation_id, booking_from, booking_until, booking_status_id) VALUES (100, 16, 28, str_to_date('29.03.2022','%d.%m.%Y'), str_to_date('11.04.2022','%d.%m.%Y'), 6);
INSERT INTO booking (booking_id, guest_id, accomodation_id, booking_from, booking_until, booking_status_id) VALUES (101, 20, 24, str_to_date('23.06.2022','%d.%m.%Y'), str_to_date('15.07.2022','%d.%m.%Y'), 1);
INSERT INTO booking (booking_id, guest_id, accomodation_id, booking_from, booking_until, booking_status_id) VALUES (102, 7, 30, str_to_date('23.09.2022','%d.%m.%Y'), str_to_date('20.10.2022','%d.%m.%Y'), 6);
INSERT INTO booking (booking_id, guest_id, accomodation_id, booking_from, booking_until, booking_status_id) VALUES (103, 1, 52, str_to_date('16.12.2022','%d.%m.%Y'), str_to_date('19.01.2023','%d.%m.%Y'), 1);
INSERT INTO booking (booking_id, guest_id, accomodation_id, booking_from, booking_until, booking_status_id) VALUES (104, 9, 22, str_to_date('12.07.2022','%d.%m.%Y'), str_to_date('14.08.2022','%d.%m.%Y'), 5);
INSERT INTO booking (booking_id, guest_id, accomodation_id, booking_from, booking_until, booking_status_id) VALUES (105, 13, 1, str_to_date('27.10.2022','%d.%m.%Y'), str_to_date('15.12.2022','%d.%m.%Y'), 1);
INSERT INTO booking (booking_id, guest_id, accomodation_id, booking_from, booking_until, booking_status_id) VALUES (106, 17, 17, str_to_date('05.03.2022','%d.%m.%Y'), str_to_date('07.03.2022','%d.%m.%Y'), 1);
INSERT INTO booking (booking_id, guest_id, accomodation_id, booking_from, booking_until, booking_status_id) VALUES (107, 10, 16, str_to_date('12.10.2021','%d.%m.%Y'), str_to_date('09.11.2021','%d.%m.%Y'), 3);
INSERT INTO booking (booking_id, guest_id, accomodation_id, booking_from, booking_until, booking_status_id) VALUES (108, 19, 16, str_to_date('24.12.2022','%d.%m.%Y'), str_to_date('08.02.2023','%d.%m.%Y'), 3);
INSERT INTO booking (booking_id, guest_id, accomodation_id, booking_from, booking_until, booking_status_id) VALUES (109, 16, 21, str_to_date('12.03.2022','%d.%m.%Y'), str_to_date('14.03.2022','%d.%m.%Y'), 4);
INSERT INTO booking (booking_id, guest_id, accomodation_id, booking_from, booking_until, booking_status_id) VALUES (110, 17, 26, str_to_date('16.02.2021','%d.%m.%Y'), str_to_date('29.03.2021','%d.%m.%Y'), 1);
INSERT INTO booking (booking_id, guest_id, accomodation_id, booking_from, booking_until, booking_status_id) VALUES (111, 8, 41, str_to_date('15.08.2022','%d.%m.%Y'), str_to_date('17.09.2022','%d.%m.%Y'), 4);
INSERT INTO booking (booking_id, guest_id, accomodation_id, booking_from, booking_until, booking_status_id) VALUES (112, 2, 36, str_to_date('18.12.2022','%d.%m.%Y'), str_to_date('24.12.2022','%d.%m.%Y'), 4);
INSERT INTO booking (booking_id, guest_id, accomodation_id, booking_from, booking_until, booking_status_id) VALUES (113, 19, 16, str_to_date('04.09.2021','%d.%m.%Y'), str_to_date('21.10.2021','%d.%m.%Y'), 4);
INSERT INTO booking (booking_id, guest_id, accomodation_id, booking_from, booking_until, booking_status_id) VALUES (114, 9, 22, str_to_date('15.06.2022','%d.%m.%Y'), str_to_date('11.07.2022','%d.%m.%Y'), 1);
INSERT INTO booking (booking_id, guest_id, accomodation_id, booking_from, booking_until, booking_status_id) VALUES (115, 7, 60, str_to_date('07.05.2022','%d.%m.%Y'), str_to_date('20.05.2022','%d.%m.%Y'), 2);
INSERT INTO booking (booking_id, guest_id, accomodation_id, booking_from, booking_until, booking_status_id) VALUES (116, 1, 3, str_to_date('29.07.2022','%d.%m.%Y'), str_to_date('11.08.2022','%d.%m.%Y'), 5);
INSERT INTO booking (booking_id, guest_id, accomodation_id, booking_from, booking_until, booking_status_id) VALUES (117, 6, 36, str_to_date('19.01.2022','%d.%m.%Y'), str_to_date('22.02.2022','%d.%m.%Y'), 3);
INSERT INTO booking (booking_id, guest_id, accomodation_id, booking_from, booking_until, booking_status_id) VALUES (118, 6, 31, str_to_date('04.10.2021','%d.%m.%Y'), str_to_date('23.11.2021','%d.%m.%Y'), 6);
INSERT INTO booking (booking_id, guest_id, accomodation_id, booking_from, booking_until, booking_status_id) VALUES (119, 3, 13, str_to_date('07.07.2022','%d.%m.%Y'), str_to_date('10.08.2022','%d.%m.%Y'), 3);
INSERT INTO booking (booking_id, guest_id, accomodation_id, booking_from, booking_until, booking_status_id) VALUES (120, 17, 13, str_to_date('25.09.2022','%d.%m.%Y'), str_to_date('07.11.2022','%d.%m.%Y'), 5);
INSERT INTO booking (booking_id, guest_id, accomodation_id, booking_from, booking_until, booking_status_id) VALUES (121, 4, 33, str_to_date('04.09.2021','%d.%m.%Y'), str_to_date('19.10.2021','%d.%m.%Y'), 1);
INSERT INTO booking (booking_id, guest_id, accomodation_id, booking_from, booking_until, booking_status_id) VALUES (122, 14, 31, str_to_date('15.05.2022','%d.%m.%Y'), str_to_date('23.05.2022','%d.%m.%Y'), 5);
INSERT INTO booking (booking_id, guest_id, accomodation_id, booking_from, booking_until, booking_status_id) VALUES (123, 3, 2, str_to_date('04.12.2021','%d.%m.%Y'), str_to_date('08.12.2021','%d.%m.%Y'), 5);
INSERT INTO booking (booking_id, guest_id, accomodation_id, booking_from, booking_until, booking_status_id) VALUES (124, 8, 38, str_to_date('06.10.2022','%d.%m.%Y'), str_to_date('03.11.2022','%d.%m.%Y'), 2);
INSERT INTO booking (booking_id, guest_id, accomodation_id, booking_from, booking_until, booking_status_id) VALUES (125, 7, 35, str_to_date('30.08.2022','%d.%m.%Y'), str_to_date('01.10.2022','%d.%m.%Y'), 6);
INSERT INTO booking (booking_id, guest_id, accomodation_id, booking_from, booking_until, booking_status_id) VALUES (126, 5, 36, str_to_date('06.03.2021','%d.%m.%Y'), str_to_date('13.03.2021','%d.%m.%Y'), 2);
INSERT INTO booking (booking_id, guest_id, accomodation_id, booking_from, booking_until, booking_status_id) VALUES (127, 20, 4, str_to_date('25.06.2021','%d.%m.%Y'), str_to_date('31.07.2021','%d.%m.%Y'), 6);
INSERT INTO booking (booking_id, guest_id, accomodation_id, booking_from, booking_until, booking_status_id) VALUES (128, 4, 25, str_to_date('02.06.2022','%d.%m.%Y'), str_to_date('06.06.2022','%d.%m.%Y'), 2);
INSERT INTO booking (booking_id, guest_id, accomodation_id, booking_from, booking_until, booking_status_id) VALUES (129, 19, 20, str_to_date('18.03.2022','%d.%m.%Y'), str_to_date('28.03.2022','%d.%m.%Y'), 6);
INSERT INTO booking (booking_id, guest_id, accomodation_id, booking_from, booking_until, booking_status_id) VALUES (130, 16, 12, str_to_date('25.04.2021','%d.%m.%Y'), str_to_date('14.05.2021','%d.%m.%Y'), 1);
INSERT INTO booking (booking_id, guest_id, accomodation_id, booking_from, booking_until, booking_status_id) VALUES (131, 13, 40, str_to_date('23.06.2021','%d.%m.%Y'), str_to_date('28.07.2021','%d.%m.%Y'), 2);
INSERT INTO booking (booking_id, guest_id, accomodation_id, booking_from, booking_until, booking_status_id) VALUES (132, 5, 55, str_to_date('27.11.2021','%d.%m.%Y'), str_to_date('07.12.2021','%d.%m.%Y'), 2);
INSERT INTO booking (booking_id, guest_id, accomodation_id, booking_from, booking_until, booking_status_id) VALUES (133, 19, 32, str_to_date('20.01.2022','%d.%m.%Y'), str_to_date('25.02.2022','%d.%m.%Y'), 2);
INSERT INTO booking (booking_id, guest_id, accomodation_id, booking_from, booking_until, booking_status_id) VALUES (134, 19, 23, str_to_date('02.09.2021','%d.%m.%Y'), str_to_date('09.09.2021','%d.%m.%Y'), 1);
INSERT INTO booking (booking_id, guest_id, accomodation_id, booking_from, booking_until, booking_status_id) VALUES (135, 19, 10, str_to_date('11.06.2022','%d.%m.%Y'), str_to_date('30.06.2022','%d.%m.%Y'), 2);
INSERT INTO booking (booking_id, guest_id, accomodation_id, booking_from, booking_until, booking_status_id) VALUES (136, 3, 38, str_to_date('12.12.2022','%d.%m.%Y'), str_to_date('26.12.2022','%d.%m.%Y'), 4);
INSERT INTO booking (booking_id, guest_id, accomodation_id, booking_from, booking_until, booking_status_id) VALUES (137, 2, 32, str_to_date('12.06.2021','%d.%m.%Y'), str_to_date('10.07.2021','%d.%m.%Y'), 2);
INSERT INTO booking (booking_id, guest_id, accomodation_id, booking_from, booking_until, booking_status_id) VALUES (138, 5, 9, str_to_date('08.12.2022','%d.%m.%Y'), str_to_date('10.12.2022','%d.%m.%Y'), 6);
INSERT INTO booking (booking_id, guest_id, accomodation_id, booking_from, booking_until, booking_status_id) VALUES (139, 15, 1, str_to_date('29.10.2022','%d.%m.%Y'), str_to_date('19.11.2022','%d.%m.%Y'), 2);
INSERT INTO booking (booking_id, guest_id, accomodation_id, booking_from, booking_until, booking_status_id) VALUES (140, 4, 15, str_to_date('13.04.2022','%d.%m.%Y'), str_to_date('16.04.2022','%d.%m.%Y'), 3);
INSERT INTO booking (booking_id, guest_id, accomodation_id, booking_from, booking_until, booking_status_id) VALUES (141, 17, 33, str_to_date('20.02.2021','%d.%m.%Y'), str_to_date('07.03.2021','%d.%m.%Y'), 5);
INSERT INTO booking (booking_id, guest_id, accomodation_id, booking_from, booking_until, booking_status_id) VALUES (142, 10, 32, str_to_date('21.09.2022','%d.%m.%Y'), str_to_date('08.11.2022','%d.%m.%Y'), 3);
INSERT INTO booking (booking_id, guest_id, accomodation_id, booking_from, booking_until, booking_status_id) VALUES (143, 15, 57, str_to_date('26.08.2022','%d.%m.%Y'), str_to_date('12.09.2022','%d.%m.%Y'), 3);
INSERT INTO booking (booking_id, guest_id, accomodation_id, booking_from, booking_until, booking_status_id) VALUES (144, 3, 49, str_to_date('09.03.2021','%d.%m.%Y'), str_to_date('19.03.2021','%d.%m.%Y'), 4);
INSERT INTO booking (booking_id, guest_id, accomodation_id, booking_from, booking_until, booking_status_id) VALUES (145, 8, 25, str_to_date('28.09.2022','%d.%m.%Y'), str_to_date('06.10.2022','%d.%m.%Y'), 4);
INSERT INTO booking (booking_id, guest_id, accomodation_id, booking_from, booking_until, booking_status_id) VALUES (146, 13, 50, str_to_date('16.08.2022','%d.%m.%Y'), str_to_date('18.08.2022','%d.%m.%Y'), 3);
INSERT INTO booking (booking_id, guest_id, accomodation_id, booking_from, booking_until, booking_status_id) VALUES (147, 14, 35, str_to_date('27.07.2021','%d.%m.%Y'), str_to_date('13.09.2021','%d.%m.%Y'), 1);
INSERT INTO booking (booking_id, guest_id, accomodation_id, booking_from, booking_until, booking_status_id) VALUES (148, 4, 24, str_to_date('07.06.2022','%d.%m.%Y'), str_to_date('16.06.2022','%d.%m.%Y'), 5);
INSERT INTO booking (booking_id, guest_id, accomodation_id, booking_from, booking_until, booking_status_id) VALUES (149, 8, 57, str_to_date('18.05.2021','%d.%m.%Y'), str_to_date('24.06.2021','%d.%m.%Y'), 2);
INSERT INTO booking (booking_id, guest_id, accomodation_id, booking_from, booking_until, booking_status_id) VALUES (150, 13, 58, str_to_date('01.04.2021','%d.%m.%Y'), str_to_date('11.05.2021','%d.%m.%Y'), 1);
INSERT INTO booking (booking_id, guest_id, accomodation_id, booking_from, booking_until, booking_status_id) VALUES (151, 14, 1, str_to_date('04.02.2022','%d.%m.%Y'), str_to_date('10.03.2022','%d.%m.%Y'), 2);
INSERT INTO booking (booking_id, guest_id, accomodation_id, booking_from, booking_until, booking_status_id) VALUES (152, 4, 3, str_to_date('12.11.2021','%d.%m.%Y'), str_to_date('07.12.2021','%d.%m.%Y'), 3);
INSERT INTO booking (booking_id, guest_id, accomodation_id, booking_from, booking_until, booking_status_id) VALUES (153, 9, 3, str_to_date('15.09.2021','%d.%m.%Y'), str_to_date('23.10.2021','%d.%m.%Y'), 4);
INSERT INTO booking (booking_id, guest_id, accomodation_id, booking_from, booking_until, booking_status_id) VALUES (154, 9, 3, str_to_date('24.11.2021','%d.%m.%Y'), str_to_date('01.12.2021','%d.%m.%Y'), 3);
INSERT INTO booking (booking_id, guest_id, accomodation_id, booking_from, booking_until, booking_status_id) VALUES (155, 3, 13, str_to_date('11.09.2021','%d.%m.%Y'), str_to_date('26.10.2021','%d.%m.%Y'), 2);
INSERT INTO booking (booking_id, guest_id, accomodation_id, booking_from, booking_until, booking_status_id) VALUES (156, 9, 59, str_to_date('05.01.2021','%d.%m.%Y'), str_to_date('11.01.2021','%d.%m.%Y'), 4);
INSERT INTO booking (booking_id, guest_id, accomodation_id, booking_from, booking_until, booking_status_id) VALUES (157, 12, 15, str_to_date('25.07.2021','%d.%m.%Y'), str_to_date('17.08.2021','%d.%m.%Y'), 2);
INSERT INTO booking (booking_id, guest_id, accomodation_id, booking_from, booking_until, booking_status_id) VALUES (158, 3, 49, str_to_date('02.02.2021','%d.%m.%Y'), str_to_date('26.02.2021','%d.%m.%Y'), 2);
INSERT INTO booking (booking_id, guest_id, accomodation_id, booking_from, booking_until, booking_status_id) VALUES (159, 9, 21, str_to_date('16.01.2021','%d.%m.%Y'), str_to_date('23.02.2021','%d.%m.%Y'), 1);
INSERT INTO booking (booking_id, guest_id, accomodation_id, booking_from, booking_until, booking_status_id) VALUES (160, 10, 15, str_to_date('01.10.2022','%d.%m.%Y'), str_to_date('19.10.2022','%d.%m.%Y'), 5);
INSERT INTO booking (booking_id, guest_id, accomodation_id, booking_from, booking_until, booking_status_id) VALUES (161, 1, 54, str_to_date('15.07.2021','%d.%m.%Y'), str_to_date('31.07.2021','%d.%m.%Y'), 1);
INSERT INTO booking (booking_id, guest_id, accomodation_id, booking_from, booking_until, booking_status_id) VALUES (162, 19, 7, str_to_date('17.07.2021','%d.%m.%Y'), str_to_date('08.08.2021','%d.%m.%Y'), 3);
INSERT INTO booking (booking_id, guest_id, accomodation_id, booking_from, booking_until, booking_status_id) VALUES (163, 20, 59, str_to_date('21.10.2021','%d.%m.%Y'), str_to_date('12.11.2021','%d.%m.%Y'), 3);
INSERT INTO booking (booking_id, guest_id, accomodation_id, booking_from, booking_until, booking_status_id) VALUES (164, 2, 22, str_to_date('01.10.2021','%d.%m.%Y'), str_to_date('14.11.2021','%d.%m.%Y'), 3);
INSERT INTO booking (booking_id, guest_id, accomodation_id, booking_from, booking_until, booking_status_id) VALUES (165, 12, 4, str_to_date('01.12.2021','%d.%m.%Y'), str_to_date('04.12.2021','%d.%m.%Y'), 4);
INSERT INTO booking (booking_id, guest_id, accomodation_id, booking_from, booking_until, booking_status_id) VALUES (166, 13, 19, str_to_date('23.10.2022','%d.%m.%Y'), str_to_date('29.10.2022','%d.%m.%Y'), 2);
INSERT INTO booking (booking_id, guest_id, accomodation_id, booking_from, booking_until, booking_status_id) VALUES (167, 17, 39, str_to_date('28.02.2021','%d.%m.%Y'), str_to_date('22.03.2021','%d.%m.%Y'), 5);
INSERT INTO booking (booking_id, guest_id, accomodation_id, booking_from, booking_until, booking_status_id) VALUES (168, 20, 20, str_to_date('23.01.2021','%d.%m.%Y'), str_to_date('21.02.2021','%d.%m.%Y'), 3);
INSERT INTO booking (booking_id, guest_id, accomodation_id, booking_from, booking_until, booking_status_id) VALUES (169, 20, 5, str_to_date('19.05.2022','%d.%m.%Y'), str_to_date('25.06.2022','%d.%m.%Y'), 2);
INSERT INTO booking (booking_id, guest_id, accomodation_id, booking_from, booking_until, booking_status_id) VALUES (170, 10, 32, str_to_date('04.05.2022','%d.%m.%Y'), str_to_date('06.06.2022','%d.%m.%Y'), 5);
INSERT INTO booking (booking_id, guest_id, accomodation_id, booking_from, booking_until, booking_status_id) VALUES (171, 13, 32, str_to_date('01.04.2022','%d.%m.%Y'), str_to_date('10.04.2022','%d.%m.%Y'), 4);
INSERT INTO booking (booking_id, guest_id, accomodation_id, booking_from, booking_until, booking_status_id) VALUES (172, 3, 38, str_to_date('20.09.2021','%d.%m.%Y'), str_to_date('05.11.2021','%d.%m.%Y'), 4);
INSERT INTO booking (booking_id, guest_id, accomodation_id, booking_from, booking_until, booking_status_id) VALUES (173, 7, 36, str_to_date('11.06.2021','%d.%m.%Y'), str_to_date('31.07.2021','%d.%m.%Y'), 5);
INSERT INTO booking (booking_id, guest_id, accomodation_id, booking_from, booking_until, booking_status_id) VALUES (174, 3, 41, str_to_date('29.10.2021','%d.%m.%Y'), str_to_date('31.10.2021','%d.%m.%Y'), 3);
INSERT INTO booking (booking_id, guest_id, accomodation_id, booking_from, booking_until, booking_status_id) VALUES (175, 3, 18, str_to_date('03.05.2022','%d.%m.%Y'), str_to_date('26.05.2022','%d.%m.%Y'), 6);
INSERT INTO booking (booking_id, guest_id, accomodation_id, booking_from, booking_until, booking_status_id) VALUES (176, 14, 18, str_to_date('14.07.2022','%d.%m.%Y'), str_to_date('04.08.2022','%d.%m.%Y'), 6);
INSERT INTO booking (booking_id, guest_id, accomodation_id, booking_from, booking_until, booking_status_id) VALUES (177, 11, 36, str_to_date('21.05.2021','%d.%m.%Y'), str_to_date('26.06.2021','%d.%m.%Y'), 4);
INSERT INTO booking (booking_id, guest_id, accomodation_id, booking_from, booking_until, booking_status_id) VALUES (178, 14, 7, str_to_date('12.08.2021','%d.%m.%Y'), str_to_date('15.08.2021','%d.%m.%Y'), 2);
INSERT INTO booking (booking_id, guest_id, accomodation_id, booking_from, booking_until, booking_status_id) VALUES (179, 13, 44, str_to_date('29.11.2022','%d.%m.%Y'), str_to_date('18.01.2023','%d.%m.%Y'), 2);
INSERT INTO booking (booking_id, guest_id, accomodation_id, booking_from, booking_until, booking_status_id) VALUES (180, 18, 38, str_to_date('14.01.2022','%d.%m.%Y'), str_to_date('18.01.2022','%d.%m.%Y'), 3);
INSERT INTO booking (booking_id, guest_id, accomodation_id, booking_from, booking_until, booking_status_id) VALUES (181, 12, 11, str_to_date('24.01.2021','%d.%m.%Y'), str_to_date('06.02.2021','%d.%m.%Y'), 2);
INSERT INTO booking (booking_id, guest_id, accomodation_id, booking_from, booking_until, booking_status_id) VALUES (182, 16, 34, str_to_date('05.09.2021','%d.%m.%Y'), str_to_date('12.09.2021','%d.%m.%Y'), 2);
INSERT INTO booking (booking_id, guest_id, accomodation_id, booking_from, booking_until, booking_status_id) VALUES (183, 3, 57, str_to_date('12.08.2021','%d.%m.%Y'), str_to_date('01.09.2021','%d.%m.%Y'), 1);
INSERT INTO booking (booking_id, guest_id, accomodation_id, booking_from, booking_until, booking_status_id) VALUES (184, 1, 60, str_to_date('01.10.2022','%d.%m.%Y'), str_to_date('16.11.2022','%d.%m.%Y'), 1);
INSERT INTO booking (booking_id, guest_id, accomodation_id, booking_from, booking_until, booking_status_id) VALUES (185, 17, 10, str_to_date('24.06.2022','%d.%m.%Y'), str_to_date('19.07.2022','%d.%m.%Y'), 1);
INSERT INTO booking (booking_id, guest_id, accomodation_id, booking_from, booking_until, booking_status_id) VALUES (186, 7, 59, str_to_date('26.02.2022','%d.%m.%Y'), str_to_date('15.03.2022','%d.%m.%Y'), 4);
INSERT INTO booking (booking_id, guest_id, accomodation_id, booking_from, booking_until, booking_status_id) VALUES (187, 6, 57, str_to_date('31.03.2021','%d.%m.%Y'), str_to_date('03.04.2021','%d.%m.%Y'), 3);
INSERT INTO booking (booking_id, guest_id, accomodation_id, booking_from, booking_until, booking_status_id) VALUES (188, 10, 47, str_to_date('25.08.2021','%d.%m.%Y'), str_to_date('25.09.2021','%d.%m.%Y'), 4);
INSERT INTO booking (booking_id, guest_id, accomodation_id, booking_from, booking_until, booking_status_id) VALUES (189, 9, 36, str_to_date('24.05.2022','%d.%m.%Y'), str_to_date('05.06.2022','%d.%m.%Y'), 1);
INSERT INTO booking (booking_id, guest_id, accomodation_id, booking_from, booking_until, booking_status_id) VALUES (190, 4, 12, str_to_date('03.05.2022','%d.%m.%Y'), str_to_date('21.06.2022','%d.%m.%Y'), 4);
INSERT INTO booking (booking_id, guest_id, accomodation_id, booking_from, booking_until, booking_status_id) VALUES (191, 18, 44, str_to_date('13.03.2022','%d.%m.%Y'), str_to_date('19.04.2022','%d.%m.%Y'), 6);
INSERT INTO booking (booking_id, guest_id, accomodation_id, booking_from, booking_until, booking_status_id) VALUES (192, 18, 9, str_to_date('21.11.2022','%d.%m.%Y'), str_to_date('17.12.2022','%d.%m.%Y'), 5);
INSERT INTO booking (booking_id, guest_id, accomodation_id, booking_from, booking_until, booking_status_id) VALUES (193, 6, 40, str_to_date('17.09.2022','%d.%m.%Y'), str_to_date('23.10.2022','%d.%m.%Y'), 6);
INSERT INTO booking (booking_id, guest_id, accomodation_id, booking_from, booking_until, booking_status_id) VALUES (194, 18, 32, str_to_date('16.09.2022','%d.%m.%Y'), str_to_date('27.09.2022','%d.%m.%Y'), 5);
INSERT INTO booking (booking_id, guest_id, accomodation_id, booking_from, booking_until, booking_status_id) VALUES (195, 1, 56, str_to_date('18.03.2022','%d.%m.%Y'), str_to_date('07.04.2022','%d.%m.%Y'), 2);
INSERT INTO booking (booking_id, guest_id, accomodation_id, booking_from, booking_until, booking_status_id) VALUES (196, 19, 45, str_to_date('02.09.2021','%d.%m.%Y'), str_to_date('23.09.2021','%d.%m.%Y'), 5);
INSERT INTO booking (booking_id, guest_id, accomodation_id, booking_from, booking_until, booking_status_id) VALUES (197, 6, 43, str_to_date('19.04.2021','%d.%m.%Y'), str_to_date('04.06.2021','%d.%m.%Y'), 2);
INSERT INTO booking (booking_id, guest_id, accomodation_id, booking_from, booking_until, booking_status_id) VALUES (198, 7, 33, str_to_date('13.07.2021','%d.%m.%Y'), str_to_date('01.09.2021','%d.%m.%Y'), 3);
INSERT INTO booking (booking_id, guest_id, accomodation_id, booking_from, booking_until, booking_status_id) VALUES (199, 11, 13, str_to_date('19.06.2022','%d.%m.%Y'), str_to_date('24.07.2022','%d.%m.%Y'), 3);
INSERT INTO booking (booking_id, guest_id, accomodation_id, booking_from, booking_until, booking_status_id) VALUES (200, 13, 21, str_to_date('19.04.2022','%d.%m.%Y'), str_to_date('20.05.2022','%d.%m.%Y'), 5);
INSERT INTO booking (booking_id, guest_id, accomodation_id, booking_from, booking_until, booking_status_id) VALUES (201, 7, 27, str_to_date('13.10.2022','%d.%m.%Y'), str_to_date('17.11.2022','%d.%m.%Y'), 1);
INSERT INTO booking (booking_id, guest_id, accomodation_id, booking_from, booking_until, booking_status_id) VALUES (202, 8, 5, str_to_date('20.12.2021','%d.%m.%Y'), str_to_date('04.02.2022','%d.%m.%Y'), 2);
INSERT INTO booking (booking_id, guest_id, accomodation_id, booking_from, booking_until, booking_status_id) VALUES (203, 20, 26, str_to_date('10.04.2022','%d.%m.%Y'), str_to_date('14.05.2022','%d.%m.%Y'), 3);
INSERT INTO booking (booking_id, guest_id, accomodation_id, booking_from, booking_until, booking_status_id) VALUES (204, 19, 39, str_to_date('19.11.2021','%d.%m.%Y'), str_to_date('02.01.2022','%d.%m.%Y'), 2);
INSERT INTO booking (booking_id, guest_id, accomodation_id, booking_from, booking_until, booking_status_id) VALUES (205, 16, 57, str_to_date('08.08.2022','%d.%m.%Y'), str_to_date('23.08.2022','%d.%m.%Y'), 5);
INSERT INTO booking (booking_id, guest_id, accomodation_id, booking_from, booking_until, booking_status_id) VALUES (206, 9, 18, str_to_date('09.11.2021','%d.%m.%Y'), str_to_date('15.12.2021','%d.%m.%Y'), 4);
INSERT INTO booking (booking_id, guest_id, accomodation_id, booking_from, booking_until, booking_status_id) VALUES (207, 1, 31, str_to_date('03.10.2021','%d.%m.%Y'), str_to_date('18.10.2021','%d.%m.%Y'), 4);
INSERT INTO booking (booking_id, guest_id, accomodation_id, booking_from, booking_until, booking_status_id) VALUES (208, 16, 18, str_to_date('12.11.2022','%d.%m.%Y'), str_to_date('13.12.2022','%d.%m.%Y'), 1);
INSERT INTO booking (booking_id, guest_id, accomodation_id, booking_from, booking_until, booking_status_id) VALUES (209, 15, 15, str_to_date('01.02.2022','%d.%m.%Y'), str_to_date('03.03.2022','%d.%m.%Y'), 3);
INSERT INTO booking (booking_id, guest_id, accomodation_id, booking_from, booking_until, booking_status_id) VALUES (210, 17, 31, str_to_date('08.07.2022','%d.%m.%Y'), str_to_date('19.07.2022','%d.%m.%Y'), 6);
INSERT INTO booking (booking_id, guest_id, accomodation_id, booking_from, booking_until, booking_status_id) VALUES (211, 19, 8, str_to_date('19.02.2022','%d.%m.%Y'), str_to_date('22.03.2022','%d.%m.%Y'), 3);
INSERT INTO booking (booking_id, guest_id, accomodation_id, booking_from, booking_until, booking_status_id) VALUES (212, 20, 4, str_to_date('20.08.2022','%d.%m.%Y'), str_to_date('06.10.2022','%d.%m.%Y'), 4);
INSERT INTO booking (booking_id, guest_id, accomodation_id, booking_from, booking_until, booking_status_id) VALUES (213, 16, 17, str_to_date('10.04.2021','%d.%m.%Y'), str_to_date('01.05.2021','%d.%m.%Y'), 6);
INSERT INTO booking (booking_id, guest_id, accomodation_id, booking_from, booking_until, booking_status_id) VALUES (214, 14, 31, str_to_date('02.01.2022','%d.%m.%Y'), str_to_date('29.01.2022','%d.%m.%Y'), 6);
INSERT INTO booking (booking_id, guest_id, accomodation_id, booking_from, booking_until, booking_status_id) VALUES (215, 16, 5, str_to_date('18.09.2022','%d.%m.%Y'), str_to_date('17.10.2022','%d.%m.%Y'), 3);
INSERT INTO booking (booking_id, guest_id, accomodation_id, booking_from, booking_until, booking_status_id) VALUES (216, 5, 9, str_to_date('06.12.2021','%d.%m.%Y'), str_to_date('11.12.2021','%d.%m.%Y'), 5);
INSERT INTO booking (booking_id, guest_id, accomodation_id, booking_from, booking_until, booking_status_id) VALUES (217, 12, 13, str_to_date('16.04.2022','%d.%m.%Y'), str_to_date('19.05.2022','%d.%m.%Y'), 3);
INSERT INTO booking (booking_id, guest_id, accomodation_id, booking_from, booking_until, booking_status_id) VALUES (218, 8, 30, str_to_date('21.10.2022','%d.%m.%Y'), str_to_date('26.11.2022','%d.%m.%Y'), 2);
INSERT INTO booking (booking_id, guest_id, accomodation_id, booking_from, booking_until, booking_status_id) VALUES (219, 5, 58, str_to_date('23.03.2021','%d.%m.%Y'), str_to_date('14.04.2021','%d.%m.%Y'), 6);
INSERT INTO booking (booking_id, guest_id, accomodation_id, booking_from, booking_until, booking_status_id) VALUES (220, 5, 45, str_to_date('17.10.2021','%d.%m.%Y'), str_to_date('28.10.2021','%d.%m.%Y'), 6);
INSERT INTO booking (booking_id, guest_id, accomodation_id, booking_from, booking_until, booking_status_id) VALUES (221, 17, 22, str_to_date('12.02.2022','%d.%m.%Y'), str_to_date('08.03.2022','%d.%m.%Y'), 4);
INSERT INTO booking (booking_id, guest_id, accomodation_id, booking_from, booking_until, booking_status_id) VALUES (222, 17, 26, str_to_date('08.06.2021','%d.%m.%Y'), str_to_date('18.07.2021','%d.%m.%Y'), 6);
INSERT INTO booking (booking_id, guest_id, accomodation_id, booking_from, booking_until, booking_status_id) VALUES (223, 5, 58, str_to_date('17.12.2021','%d.%m.%Y'), str_to_date('20.12.2021','%d.%m.%Y'), 4);
INSERT INTO booking (booking_id, guest_id, accomodation_id, booking_from, booking_until, booking_status_id) VALUES (224, 12, 52, str_to_date('08.01.2021','%d.%m.%Y'), str_to_date('07.02.2021','%d.%m.%Y'), 1);
INSERT INTO booking (booking_id, guest_id, accomodation_id, booking_from, booking_until, booking_status_id) VALUES (225, 7, 41, str_to_date('15.11.2022','%d.%m.%Y'), str_to_date('13.12.2022','%d.%m.%Y'), 2);
INSERT INTO booking (booking_id, guest_id, accomodation_id, booking_from, booking_until, booking_status_id) VALUES (226, 1, 16, str_to_date('22.05.2022','%d.%m.%Y'), str_to_date('26.05.2022','%d.%m.%Y'), 5);
INSERT INTO booking (booking_id, guest_id, accomodation_id, booking_from, booking_until, booking_status_id) VALUES (227, 1, 51, str_to_date('23.07.2021','%d.%m.%Y'), str_to_date('28.08.2021','%d.%m.%Y'), 6);
INSERT INTO booking (booking_id, guest_id, accomodation_id, booking_from, booking_until, booking_status_id) VALUES (228, 8, 37, str_to_date('19.04.2021','%d.%m.%Y'), str_to_date('01.05.2021','%d.%m.%Y'), 4);
INSERT INTO booking (booking_id, guest_id, accomodation_id, booking_from, booking_until, booking_status_id) VALUES (229, 19, 47, str_to_date('08.04.2021','%d.%m.%Y'), str_to_date('14.04.2021','%d.%m.%Y'), 6);
INSERT INTO booking (booking_id, guest_id, accomodation_id, booking_from, booking_until, booking_status_id) VALUES (230, 15, 27, str_to_date('21.12.2022','%d.%m.%Y'), str_to_date('24.01.2023','%d.%m.%Y'), 6);
INSERT INTO booking (booking_id, guest_id, accomodation_id, booking_from, booking_until, booking_status_id) VALUES (231, 10, 52, str_to_date('18.03.2022','%d.%m.%Y'), str_to_date('22.04.2022','%d.%m.%Y'), 5);
INSERT INTO booking (booking_id, guest_id, accomodation_id, booking_from, booking_until, booking_status_id) VALUES (232, 13, 26, str_to_date('01.03.2022','%d.%m.%Y'), str_to_date('27.03.2022','%d.%m.%Y'), 5);
INSERT INTO booking (booking_id, guest_id, accomodation_id, booking_from, booking_until, booking_status_id) VALUES (233, 8, 9, str_to_date('05.11.2022','%d.%m.%Y'), str_to_date('15.12.2022','%d.%m.%Y'), 6);
INSERT INTO booking (booking_id, guest_id, accomodation_id, booking_from, booking_until, booking_status_id) VALUES (234, 20, 4, str_to_date('08.11.2021','%d.%m.%Y'), str_to_date('19.12.2021','%d.%m.%Y'), 2);
INSERT INTO booking (booking_id, guest_id, accomodation_id, booking_from, booking_until, booking_status_id) VALUES (235, 6, 48, str_to_date('01.05.2022','%d.%m.%Y'), str_to_date('19.06.2022','%d.%m.%Y'), 4);
INSERT INTO booking (booking_id, guest_id, accomodation_id, booking_from, booking_until, booking_status_id) VALUES (236, 10, 19, str_to_date('21.02.2021','%d.%m.%Y'), str_to_date('17.03.2021','%d.%m.%Y'), 5);
INSERT INTO booking (booking_id, guest_id, accomodation_id, booking_from, booking_until, booking_status_id) VALUES (237, 20, 33, str_to_date('30.10.2022','%d.%m.%Y'), str_to_date('01.11.2022','%d.%m.%Y'), 4);
INSERT INTO booking (booking_id, guest_id, accomodation_id, booking_from, booking_until, booking_status_id) VALUES (238, 12, 53, str_to_date('01.03.2021','%d.%m.%Y'), str_to_date('05.04.2021','%d.%m.%Y'), 4);
INSERT INTO booking (booking_id, guest_id, accomodation_id, booking_from, booking_until, booking_status_id) VALUES (239, 4, 56, str_to_date('17.10.2021','%d.%m.%Y'), str_to_date('08.11.2021','%d.%m.%Y'), 5);
INSERT INTO booking (booking_id, guest_id, accomodation_id, booking_from, booking_until, booking_status_id) VALUES (240, 18, 2, str_to_date('18.12.2022','%d.%m.%Y'), str_to_date('25.01.2023','%d.%m.%Y'), 1);
INSERT INTO booking (booking_id, guest_id, accomodation_id, booking_from, booking_until, booking_status_id) VALUES (241, 19, 60, str_to_date('27.10.2022','%d.%m.%Y'), str_to_date('20.11.2022','%d.%m.%Y'), 3);
INSERT INTO booking (booking_id, guest_id, accomodation_id, booking_from, booking_until, booking_status_id) VALUES (242, 15, 42, str_to_date('16.03.2021','%d.%m.%Y'), str_to_date('24.03.2021','%d.%m.%Y'), 1);
INSERT INTO booking (booking_id, guest_id, accomodation_id, booking_from, booking_until, booking_status_id) VALUES (243, 12, 10, str_to_date('14.01.2021','%d.%m.%Y'), str_to_date('08.02.2021','%d.%m.%Y'), 6);
INSERT INTO booking (booking_id, guest_id, accomodation_id, booking_from, booking_until, booking_status_id) VALUES (244, 14, 16, str_to_date('27.10.2021','%d.%m.%Y'), str_to_date('12.11.2021','%d.%m.%Y'), 6);
INSERT INTO booking (booking_id, guest_id, accomodation_id, booking_from, booking_until, booking_status_id) VALUES (245, 8, 25, str_to_date('05.03.2022','%d.%m.%Y'), str_to_date('20.03.2022','%d.%m.%Y'), 5);
INSERT INTO booking (booking_id, guest_id, accomodation_id, booking_from, booking_until, booking_status_id) VALUES (246, 6, 26, str_to_date('09.09.2021','%d.%m.%Y'), str_to_date('18.09.2021','%d.%m.%Y'), 4);
INSERT INTO booking (booking_id, guest_id, accomodation_id, booking_from, booking_until, booking_status_id) VALUES (247, 7, 36, str_to_date('29.04.2022','%d.%m.%Y'), str_to_date('04.05.2022','%d.%m.%Y'), 1);
INSERT INTO booking (booking_id, guest_id, accomodation_id, booking_from, booking_until, booking_status_id) VALUES (248, 19, 57, str_to_date('28.09.2021','%d.%m.%Y'), str_to_date('09.11.2021','%d.%m.%Y'), 1);
INSERT INTO booking (booking_id, guest_id, accomodation_id, booking_from, booking_until, booking_status_id) VALUES (249, 4, 47, str_to_date('08.03.2022','%d.%m.%Y'), str_to_date('27.03.2022','%d.%m.%Y'), 5);
INSERT INTO booking (booking_id, guest_id, accomodation_id, booking_from, booking_until, booking_status_id) VALUES (250, 17, 54, str_to_date('30.06.2021','%d.%m.%Y'), str_to_date('26.07.2021','%d.%m.%Y'), 6);
INSERT INTO booking (booking_id, guest_id, accomodation_id, booking_from, booking_until, booking_status_id) VALUES (251, 15, 14, str_to_date('03.03.2021','%d.%m.%Y'), str_to_date('16.04.2021','%d.%m.%Y'), 5);
INSERT INTO booking (booking_id, guest_id, accomodation_id, booking_from, booking_until, booking_status_id) VALUES (252, 11, 22, str_to_date('09.05.2021','%d.%m.%Y'), str_to_date('22.06.2021','%d.%m.%Y'), 1);
INSERT INTO booking (booking_id, guest_id, accomodation_id, booking_from, booking_until, booking_status_id) VALUES (253, 18, 6, str_to_date('13.05.2021','%d.%m.%Y'), str_to_date('06.06.2021','%d.%m.%Y'), 2);
INSERT INTO booking (booking_id, guest_id, accomodation_id, booking_from, booking_until, booking_status_id) VALUES (254, 1, 32, str_to_date('17.09.2021','%d.%m.%Y'), str_to_date('30.10.2021','%d.%m.%Y'), 4);
INSERT INTO booking (booking_id, guest_id, accomodation_id, booking_from, booking_until, booking_status_id) VALUES (255, 1, 38, str_to_date('21.06.2022','%d.%m.%Y'), str_to_date('30.06.2022','%d.%m.%Y'), 1);
INSERT INTO booking (booking_id, guest_id, accomodation_id, booking_from, booking_until, booking_status_id) VALUES (256, 18, 49, str_to_date('07.05.2021','%d.%m.%Y'), str_to_date('23.06.2021','%d.%m.%Y'), 2);
INSERT INTO booking (booking_id, guest_id, accomodation_id, booking_from, booking_until, booking_status_id) VALUES (257, 11, 39, str_to_date('13.08.2022','%d.%m.%Y'), str_to_date('15.08.2022','%d.%m.%Y'), 6);
INSERT INTO booking (booking_id, guest_id, accomodation_id, booking_from, booking_until, booking_status_id) VALUES (258, 19, 10, str_to_date('29.01.2022','%d.%m.%Y'), str_to_date('12.03.2022','%d.%m.%Y'), 5);
INSERT INTO booking (booking_id, guest_id, accomodation_id, booking_from, booking_until, booking_status_id) VALUES (259, 15, 49, str_to_date('15.05.2022','%d.%m.%Y'), str_to_date('23.05.2022','%d.%m.%Y'), 2);
INSERT INTO booking (booking_id, guest_id, accomodation_id, booking_from, booking_until, booking_status_id) VALUES (260, 12, 4, str_to_date('14.09.2022','%d.%m.%Y'), str_to_date('16.10.2022','%d.%m.%Y'), 2);
INSERT INTO booking (booking_id, guest_id, accomodation_id, booking_from, booking_until, booking_status_id) VALUES (261, 7, 46, str_to_date('16.03.2021','%d.%m.%Y'), str_to_date('29.04.2021','%d.%m.%Y'), 6);
INSERT INTO booking (booking_id, guest_id, accomodation_id, booking_from, booking_until, booking_status_id) VALUES (262, 6, 48, str_to_date('07.04.2022','%d.%m.%Y'), str_to_date('22.05.2022','%d.%m.%Y'), 2);
INSERT INTO booking (booking_id, guest_id, accomodation_id, booking_from, booking_until, booking_status_id) VALUES (263, 12, 32, str_to_date('22.03.2022','%d.%m.%Y'), str_to_date('13.04.2022','%d.%m.%Y'), 4);
INSERT INTO booking (booking_id, guest_id, accomodation_id, booking_from, booking_until, booking_status_id) VALUES (264, 20, 19, str_to_date('07.12.2021','%d.%m.%Y'), str_to_date('08.01.2022','%d.%m.%Y'), 4);
INSERT INTO booking (booking_id, guest_id, accomodation_id, booking_from, booking_until, booking_status_id) VALUES (265, 9, 20, str_to_date('16.10.2022','%d.%m.%Y'), str_to_date('21.10.2022','%d.%m.%Y'), 5);
INSERT INTO booking (booking_id, guest_id, accomodation_id, booking_from, booking_until, booking_status_id) VALUES (266, 5, 26, str_to_date('18.10.2021','%d.%m.%Y'), str_to_date('10.11.2021','%d.%m.%Y'), 3);
INSERT INTO booking (booking_id, guest_id, accomodation_id, booking_from, booking_until, booking_status_id) VALUES (267, 16, 50, str_to_date('22.11.2021','%d.%m.%Y'), str_to_date('09.01.2022','%d.%m.%Y'), 6);
INSERT INTO booking (booking_id, guest_id, accomodation_id, booking_from, booking_until, booking_status_id) VALUES (268, 11, 41, str_to_date('31.07.2022','%d.%m.%Y'), str_to_date('02.09.2022','%d.%m.%Y'), 2);
INSERT INTO booking (booking_id, guest_id, accomodation_id, booking_from, booking_until, booking_status_id) VALUES (269, 8, 37, str_to_date('07.04.2021','%d.%m.%Y'), str_to_date('23.05.2021','%d.%m.%Y'), 2);
INSERT INTO booking (booking_id, guest_id, accomodation_id, booking_from, booking_until, booking_status_id) VALUES (270, 8, 41, str_to_date('12.07.2022','%d.%m.%Y'), str_to_date('21.08.2022','%d.%m.%Y'), 5);
INSERT INTO booking (booking_id, guest_id, accomodation_id, booking_from, booking_until, booking_status_id) VALUES (271, 15, 28, str_to_date('01.11.2021','%d.%m.%Y'), str_to_date('17.11.2021','%d.%m.%Y'), 5);
INSERT INTO booking (booking_id, guest_id, accomodation_id, booking_from, booking_until, booking_status_id) VALUES (272, 2, 33, str_to_date('10.10.2022','%d.%m.%Y'), str_to_date('11.11.2022','%d.%m.%Y'), 3);
INSERT INTO booking (booking_id, guest_id, accomodation_id, booking_from, booking_until, booking_status_id) VALUES (273, 13, 34, str_to_date('22.06.2021','%d.%m.%Y'), str_to_date('01.08.2021','%d.%m.%Y'), 5);
INSERT INTO booking (booking_id, guest_id, accomodation_id, booking_from, booking_until, booking_status_id) VALUES (274, 4, 57, str_to_date('30.08.2021','%d.%m.%Y'), str_to_date('15.09.2021','%d.%m.%Y'), 6);
INSERT INTO booking (booking_id, guest_id, accomodation_id, booking_from, booking_until, booking_status_id) VALUES (275, 7, 60, str_to_date('26.03.2021','%d.%m.%Y'), str_to_date('16.04.2021','%d.%m.%Y'), 2);
INSERT INTO booking (booking_id, guest_id, accomodation_id, booking_from, booking_until, booking_status_id) VALUES (276, 1, 43, str_to_date('03.06.2021','%d.%m.%Y'), str_to_date('11.07.2021','%d.%m.%Y'), 5);
INSERT INTO booking (booking_id, guest_id, accomodation_id, booking_from, booking_until, booking_status_id) VALUES (277, 3, 4, str_to_date('11.10.2021','%d.%m.%Y'), str_to_date('23.11.2021','%d.%m.%Y'), 1);
INSERT INTO booking (booking_id, guest_id, accomodation_id, booking_from, booking_until, booking_status_id) VALUES (278, 6, 36, str_to_date('04.02.2021','%d.%m.%Y'), str_to_date('15.03.2021','%d.%m.%Y'), 3);
INSERT INTO booking (booking_id, guest_id, accomodation_id, booking_from, booking_until, booking_status_id) VALUES (279, 7, 27, str_to_date('19.07.2022','%d.%m.%Y'), str_to_date('21.07.2022','%d.%m.%Y'), 6);
INSERT INTO booking (booking_id, guest_id, accomodation_id, booking_from, booking_until, booking_status_id) VALUES (280, 16, 24, str_to_date('02.03.2022','%d.%m.%Y'), str_to_date('06.04.2022','%d.%m.%Y'), 2);
INSERT INTO booking (booking_id, guest_id, accomodation_id, booking_from, booking_until, booking_status_id) VALUES (281, 19, 46, str_to_date('29.06.2021','%d.%m.%Y'), str_to_date('22.07.2021','%d.%m.%Y'), 1);
INSERT INTO booking (booking_id, guest_id, accomodation_id, booking_from, booking_until, booking_status_id) VALUES (282, 11, 13, str_to_date('26.11.2021','%d.%m.%Y'), str_to_date('15.01.2022','%d.%m.%Y'), 4);
INSERT INTO booking (booking_id, guest_id, accomodation_id, booking_from, booking_until, booking_status_id) VALUES (283, 17, 46, str_to_date('03.09.2022','%d.%m.%Y'), str_to_date('04.09.2022','%d.%m.%Y'), 2);
INSERT INTO booking (booking_id, guest_id, accomodation_id, booking_from, booking_until, booking_status_id) VALUES (284, 2, 56, str_to_date('14.03.2021','%d.%m.%Y'), str_to_date('27.04.2021','%d.%m.%Y'), 6);
INSERT INTO booking (booking_id, guest_id, accomodation_id, booking_from, booking_until, booking_status_id) VALUES (285, 20, 39, str_to_date('02.11.2021','%d.%m.%Y'), str_to_date('09.12.2021','%d.%m.%Y'), 4);
INSERT INTO booking (booking_id, guest_id, accomodation_id, booking_from, booking_until, booking_status_id) VALUES (286, 6, 11, str_to_date('01.11.2022','%d.%m.%Y'), str_to_date('18.12.2022','%d.%m.%Y'), 4);
INSERT INTO booking (booking_id, guest_id, accomodation_id, booking_from, booking_until, booking_status_id) VALUES (287, 17, 6, str_to_date('04.04.2022','%d.%m.%Y'), str_to_date('15.04.2022','%d.%m.%Y'), 6);
INSERT INTO booking (booking_id, guest_id, accomodation_id, booking_from, booking_until, booking_status_id) VALUES (288, 4, 50, str_to_date('16.12.2022','%d.%m.%Y'), str_to_date('01.02.2023','%d.%m.%Y'), 1);
INSERT INTO booking (booking_id, guest_id, accomodation_id, booking_from, booking_until, booking_status_id) VALUES (289, 3, 56, str_to_date('28.04.2021','%d.%m.%Y'), str_to_date('13.05.2021','%d.%m.%Y'), 5);
INSERT INTO booking (booking_id, guest_id, accomodation_id, booking_from, booking_until, booking_status_id) VALUES (290, 20, 12, str_to_date('06.07.2021','%d.%m.%Y'), str_to_date('02.08.2021','%d.%m.%Y'), 5);
INSERT INTO booking (booking_id, guest_id, accomodation_id, booking_from, booking_until, booking_status_id) VALUES (291, 10, 55, str_to_date('03.12.2022','%d.%m.%Y'), str_to_date('14.12.2022','%d.%m.%Y'), 3);
INSERT INTO booking (booking_id, guest_id, accomodation_id, booking_from, booking_until, booking_status_id) VALUES (292, 17, 42, str_to_date('06.06.2021','%d.%m.%Y'), str_to_date('04.07.2021','%d.%m.%Y'), 1);
INSERT INTO booking (booking_id, guest_id, accomodation_id, booking_from, booking_until, booking_status_id) VALUES (293, 9, 27, str_to_date('20.04.2021','%d.%m.%Y'), str_to_date('06.06.2021','%d.%m.%Y'), 1);
INSERT INTO booking (booking_id, guest_id, accomodation_id, booking_from, booking_until, booking_status_id) VALUES (294, 6, 10, str_to_date('24.07.2022','%d.%m.%Y'), str_to_date('07.09.2022','%d.%m.%Y'), 5);
INSERT INTO booking (booking_id, guest_id, accomodation_id, booking_from, booking_until, booking_status_id) VALUES (295, 13, 18, str_to_date('15.09.2021','%d.%m.%Y'), str_to_date('13.10.2021','%d.%m.%Y'), 5);
INSERT INTO booking (booking_id, guest_id, accomodation_id, booking_from, booking_until, booking_status_id) VALUES (296, 19, 36, str_to_date('15.02.2022','%d.%m.%Y'), str_to_date('25.02.2022','%d.%m.%Y'), 5);
INSERT INTO booking (booking_id, guest_id, accomodation_id, booking_from, booking_until, booking_status_id) VALUES (297, 20, 55, str_to_date('20.05.2022','%d.%m.%Y'), str_to_date('13.06.2022','%d.%m.%Y'), 5);
INSERT INTO booking (booking_id, guest_id, accomodation_id, booking_from, booking_until, booking_status_id) VALUES (298, 17, 25, str_to_date('08.08.2022','%d.%m.%Y'), str_to_date('18.09.2022','%d.%m.%Y'), 1);
INSERT INTO booking (booking_id, guest_id, accomodation_id, booking_from, booking_until, booking_status_id) VALUES (299, 16, 58, str_to_date('25.01.2022','%d.%m.%Y'), str_to_date('13.02.2022','%d.%m.%Y'), 3);
INSERT INTO booking (booking_id, guest_id, accomodation_id, booking_from, booking_until, booking_status_id) VALUES (300, 6, 17, str_to_date('26.08.2021','%d.%m.%Y'), str_to_date('28.09.2021','%d.%m.%Y'), 5);
INSERT INTO booking (booking_id, guest_id, accomodation_id, booking_from, booking_until, booking_status_id) VALUES (301, 12, 28, str_to_date('08.07.2021','%d.%m.%Y'), str_to_date('10.08.2021','%d.%m.%Y'), 2);
INSERT INTO booking (booking_id, guest_id, accomodation_id, booking_from, booking_until, booking_status_id) VALUES (302, 3, 55, str_to_date('07.10.2022','%d.%m.%Y'), str_to_date('14.10.2022','%d.%m.%Y'), 2);
INSERT INTO booking (booking_id, guest_id, accomodation_id, booking_from, booking_until, booking_status_id) VALUES (303, 7, 23, str_to_date('10.06.2021','%d.%m.%Y'), str_to_date('13.06.2021','%d.%m.%Y'), 3);
INSERT INTO booking (booking_id, guest_id, accomodation_id, booking_from, booking_until, booking_status_id) VALUES (304, 19, 18, str_to_date('02.03.2021','%d.%m.%Y'), str_to_date('18.03.2021','%d.%m.%Y'), 2);
INSERT INTO booking (booking_id, guest_id, accomodation_id, booking_from, booking_until, booking_status_id) VALUES (305, 2, 45, str_to_date('18.09.2022','%d.%m.%Y'), str_to_date('06.11.2022','%d.%m.%Y'), 5);
INSERT INTO booking (booking_id, guest_id, accomodation_id, booking_from, booking_until, booking_status_id) VALUES (306, 13, 38, str_to_date('29.04.2022','%d.%m.%Y'), str_to_date('24.05.2022','%d.%m.%Y'), 3);
INSERT INTO booking (booking_id, guest_id, accomodation_id, booking_from, booking_until, booking_status_id) VALUES (307, 15, 13, str_to_date('23.10.2021','%d.%m.%Y'), str_to_date('29.11.2021','%d.%m.%Y'), 6);
INSERT INTO booking (booking_id, guest_id, accomodation_id, booking_from, booking_until, booking_status_id) VALUES (308, 7, 16, str_to_date('21.11.2022','%d.%m.%Y'), str_to_date('28.12.2022','%d.%m.%Y'), 5);
INSERT INTO booking (booking_id, guest_id, accomodation_id, booking_from, booking_until, booking_status_id) VALUES (309, 7, 24, str_to_date('28.12.2022','%d.%m.%Y'), str_to_date('06.01.2023','%d.%m.%Y'), 3);
INSERT INTO booking (booking_id, guest_id, accomodation_id, booking_from, booking_until, booking_status_id) VALUES (310, 4, 46, str_to_date('21.05.2022','%d.%m.%Y'), str_to_date('27.05.2022','%d.%m.%Y'), 4);
INSERT INTO booking (booking_id, guest_id, accomodation_id, booking_from, booking_until, booking_status_id) VALUES (311, 12, 14, str_to_date('02.07.2021','%d.%m.%Y'), str_to_date('27.07.2021','%d.%m.%Y'), 6);
INSERT INTO booking (booking_id, guest_id, accomodation_id, booking_from, booking_until, booking_status_id) VALUES (312, 13, 42, str_to_date('28.06.2022','%d.%m.%Y'), str_to_date('21.07.2022','%d.%m.%Y'), 4);
INSERT INTO booking (booking_id, guest_id, accomodation_id, booking_from, booking_until, booking_status_id) VALUES (313, 11, 18, str_to_date('10.10.2021','%d.%m.%Y'), str_to_date('15.11.2021','%d.%m.%Y'), 3);
INSERT INTO booking (booking_id, guest_id, accomodation_id, booking_from, booking_until, booking_status_id) VALUES (314, 10, 41, str_to_date('07.01.2021','%d.%m.%Y'), str_to_date('21.01.2021','%d.%m.%Y'), 4);
INSERT INTO booking (booking_id, guest_id, accomodation_id, booking_from, booking_until, booking_status_id) VALUES (315, 20, 53, str_to_date('18.03.2021','%d.%m.%Y'), str_to_date('27.03.2021','%d.%m.%Y'), 2);
INSERT INTO booking (booking_id, guest_id, accomodation_id, booking_from, booking_until, booking_status_id) VALUES (316, 4, 7, str_to_date('01.01.2022','%d.%m.%Y'), str_to_date('19.01.2022','%d.%m.%Y'), 1);
INSERT INTO booking (booking_id, guest_id, accomodation_id, booking_from, booking_until, booking_status_id) VALUES (317, 9, 39, str_to_date('10.04.2022','%d.%m.%Y'), str_to_date('20.04.2022','%d.%m.%Y'), 5);
INSERT INTO booking (booking_id, guest_id, accomodation_id, booking_from, booking_until, booking_status_id) VALUES (318, 13, 49, str_to_date('29.01.2022','%d.%m.%Y'), str_to_date('13.03.2022','%d.%m.%Y'), 5);
INSERT INTO booking (booking_id, guest_id, accomodation_id, booking_from, booking_until, booking_status_id) VALUES (319, 17, 6, str_to_date('14.06.2021','%d.%m.%Y'), str_to_date('20.06.2021','%d.%m.%Y'), 6);
INSERT INTO booking (booking_id, guest_id, accomodation_id, booking_from, booking_until, booking_status_id) VALUES (320, 18, 7, str_to_date('24.05.2021','%d.%m.%Y'), str_to_date('05.06.2021','%d.%m.%Y'), 2);
INSERT INTO booking (booking_id, guest_id, accomodation_id, booking_from, booking_until, booking_status_id) VALUES (321, 8, 44, str_to_date('03.10.2022','%d.%m.%Y'), str_to_date('16.11.2022','%d.%m.%Y'), 2);
INSERT INTO booking (booking_id, guest_id, accomodation_id, booking_from, booking_until, booking_status_id) VALUES (322, 17, 60, str_to_date('06.06.2021','%d.%m.%Y'), str_to_date('08.07.2021','%d.%m.%Y'), 5);
INSERT INTO booking (booking_id, guest_id, accomodation_id, booking_from, booking_until, booking_status_id) VALUES (323, 5, 19, str_to_date('03.01.2022','%d.%m.%Y'), str_to_date('01.02.2022','%d.%m.%Y'), 2);
INSERT INTO booking (booking_id, guest_id, accomodation_id, booking_from, booking_until, booking_status_id) VALUES (324, 13, 30, str_to_date('26.03.2022','%d.%m.%Y'), str_to_date('16.04.2022','%d.%m.%Y'), 4);
INSERT INTO booking (booking_id, guest_id, accomodation_id, booking_from, booking_until, booking_status_id) VALUES (325, 17, 9, str_to_date('14.12.2022','%d.%m.%Y'), str_to_date('08.01.2023','%d.%m.%Y'), 2);
INSERT INTO booking (booking_id, guest_id, accomodation_id, booking_from, booking_until, booking_status_id) VALUES (326, 14, 40, str_to_date('08.07.2022','%d.%m.%Y'), str_to_date('29.07.2022','%d.%m.%Y'), 6);
INSERT INTO booking (booking_id, guest_id, accomodation_id, booking_from, booking_until, booking_status_id) VALUES (327, 8, 3, str_to_date('10.02.2022','%d.%m.%Y'), str_to_date('07.03.2022','%d.%m.%Y'), 1);
INSERT INTO booking (booking_id, guest_id, accomodation_id, booking_from, booking_until, booking_status_id) VALUES (328, 16, 50, str_to_date('25.04.2022','%d.%m.%Y'), str_to_date('24.05.2022','%d.%m.%Y'), 4);
INSERT INTO booking (booking_id, guest_id, accomodation_id, booking_from, booking_until, booking_status_id) VALUES (329, 2, 6, str_to_date('11.09.2021','%d.%m.%Y'), str_to_date('26.09.2021','%d.%m.%Y'), 3);
INSERT INTO booking (booking_id, guest_id, accomodation_id, booking_from, booking_until, booking_status_id) VALUES (330, 17, 30, str_to_date('21.01.2021','%d.%m.%Y'), str_to_date('30.01.2021','%d.%m.%Y'), 6);
INSERT INTO booking (booking_id, guest_id, accomodation_id, booking_from, booking_until, booking_status_id) VALUES (331, 20, 43, str_to_date('05.05.2021','%d.%m.%Y'), str_to_date('06.05.2021','%d.%m.%Y'), 6);
INSERT INTO booking (booking_id, guest_id, accomodation_id, booking_from, booking_until, booking_status_id) VALUES (332, 4, 40, str_to_date('10.05.2022','%d.%m.%Y'), str_to_date('23.05.2022','%d.%m.%Y'), 4);
INSERT INTO booking (booking_id, guest_id, accomodation_id, booking_from, booking_until, booking_status_id) VALUES (333, 17, 53, str_to_date('27.06.2021','%d.%m.%Y'), str_to_date('11.08.2021','%d.%m.%Y'), 2);
INSERT INTO booking (booking_id, guest_id, accomodation_id, booking_from, booking_until, booking_status_id) VALUES (334, 19, 25, str_to_date('06.09.2022','%d.%m.%Y'), str_to_date('07.09.2022','%d.%m.%Y'), 4);
INSERT INTO booking (booking_id, guest_id, accomodation_id, booking_from, booking_until, booking_status_id) VALUES (335, 11, 10, str_to_date('19.01.2021','%d.%m.%Y'), str_to_date('21.02.2021','%d.%m.%Y'), 1);
INSERT INTO booking (booking_id, guest_id, accomodation_id, booking_from, booking_until, booking_status_id) VALUES (336, 15, 36, str_to_date('20.04.2022','%d.%m.%Y'), str_to_date('15.05.2022','%d.%m.%Y'), 3);
INSERT INTO booking (booking_id, guest_id, accomodation_id, booking_from, booking_until, booking_status_id) VALUES (337, 14, 55, str_to_date('21.11.2021','%d.%m.%Y'), str_to_date('19.12.2021','%d.%m.%Y'), 5);
INSERT INTO booking (booking_id, guest_id, accomodation_id, booking_from, booking_until, booking_status_id) VALUES (338, 16, 21, str_to_date('12.05.2021','%d.%m.%Y'), str_to_date('06.06.2021','%d.%m.%Y'), 5);
INSERT INTO booking (booking_id, guest_id, accomodation_id, booking_from, booking_until, booking_status_id) VALUES (339, 15, 46, str_to_date('04.07.2022','%d.%m.%Y'), str_to_date('20.07.2022','%d.%m.%Y'), 3);
INSERT INTO booking (booking_id, guest_id, accomodation_id, booking_from, booking_until, booking_status_id) VALUES (340, 12, 43, str_to_date('18.06.2021','%d.%m.%Y'), str_to_date('19.06.2021','%d.%m.%Y'), 5);
INSERT INTO booking (booking_id, guest_id, accomodation_id, booking_from, booking_until, booking_status_id) VALUES (341, 14, 43, str_to_date('22.10.2022','%d.%m.%Y'), str_to_date('03.12.2022','%d.%m.%Y'), 3);
INSERT INTO booking (booking_id, guest_id, accomodation_id, booking_from, booking_until, booking_status_id) VALUES (342, 14, 50, str_to_date('13.10.2021','%d.%m.%Y'), str_to_date('19.11.2021','%d.%m.%Y'), 4);
INSERT INTO booking (booking_id, guest_id, accomodation_id, booking_from, booking_until, booking_status_id) VALUES (343, 8, 42, str_to_date('10.12.2022','%d.%m.%Y'), str_to_date('13.12.2022','%d.%m.%Y'), 4);
INSERT INTO booking (booking_id, guest_id, accomodation_id, booking_from, booking_until, booking_status_id) VALUES (344, 4, 49, str_to_date('02.08.2022','%d.%m.%Y'), str_to_date('29.08.2022','%d.%m.%Y'), 2);
INSERT INTO booking (booking_id, guest_id, accomodation_id, booking_from, booking_until, booking_status_id) VALUES (345, 18, 30, str_to_date('06.11.2021','%d.%m.%Y'), str_to_date('21.12.2021','%d.%m.%Y'), 1);
INSERT INTO booking (booking_id, guest_id, accomodation_id, booking_from, booking_until, booking_status_id) VALUES (346, 18, 9, str_to_date('03.08.2021','%d.%m.%Y'), str_to_date('12.09.2021','%d.%m.%Y'), 5);
INSERT INTO booking (booking_id, guest_id, accomodation_id, booking_from, booking_until, booking_status_id) VALUES (347, 5, 24, str_to_date('24.11.2022','%d.%m.%Y'), str_to_date('18.12.2022','%d.%m.%Y'), 2);
INSERT INTO booking (booking_id, guest_id, accomodation_id, booking_from, booking_until, booking_status_id) VALUES (348, 8, 56, str_to_date('11.05.2021','%d.%m.%Y'), str_to_date('25.05.2021','%d.%m.%Y'), 6);
INSERT INTO booking (booking_id, guest_id, accomodation_id, booking_from, booking_until, booking_status_id) VALUES (349, 20, 37, str_to_date('10.10.2022','%d.%m.%Y'), str_to_date('26.10.2022','%d.%m.%Y'), 1);
INSERT INTO booking (booking_id, guest_id, accomodation_id, booking_from, booking_until, booking_status_id) VALUES (350, 7, 4, str_to_date('10.08.2022','%d.%m.%Y'), str_to_date('27.08.2022','%d.%m.%Y'), 3);
INSERT INTO booking (booking_id, guest_id, accomodation_id, booking_from, booking_until, booking_status_id) VALUES (351, 2, 41, str_to_date('01.02.2022','%d.%m.%Y'), str_to_date('20.02.2022','%d.%m.%Y'), 5);
INSERT INTO booking (booking_id, guest_id, accomodation_id, booking_from, booking_until, booking_status_id) VALUES (352, 8, 32, str_to_date('18.10.2021','%d.%m.%Y'), str_to_date('12.11.2021','%d.%m.%Y'), 6);
INSERT INTO booking (booking_id, guest_id, accomodation_id, booking_from, booking_until, booking_status_id) VALUES (353, 10, 9, str_to_date('03.12.2022','%d.%m.%Y'), str_to_date('26.12.2022','%d.%m.%Y'), 2);
INSERT INTO booking (booking_id, guest_id, accomodation_id, booking_from, booking_until, booking_status_id) VALUES (354, 9, 48, str_to_date('03.03.2021','%d.%m.%Y'), str_to_date('19.03.2021','%d.%m.%Y'), 6);
INSERT INTO booking (booking_id, guest_id, accomodation_id, booking_from, booking_until, booking_status_id) VALUES (355, 19, 4, str_to_date('14.09.2022','%d.%m.%Y'), str_to_date('16.09.2022','%d.%m.%Y'), 1);
INSERT INTO booking (booking_id, guest_id, accomodation_id, booking_from, booking_until, booking_status_id) VALUES (356, 20, 39, str_to_date('13.10.2021','%d.%m.%Y'), str_to_date('18.11.2021','%d.%m.%Y'), 6);
INSERT INTO booking (booking_id, guest_id, accomodation_id, booking_from, booking_until, booking_status_id) VALUES (357, 19, 25, str_to_date('09.06.2022','%d.%m.%Y'), str_to_date('12.06.2022','%d.%m.%Y'), 4);
INSERT INTO booking (booking_id, guest_id, accomodation_id, booking_from, booking_until, booking_status_id) VALUES (358, 10, 41, str_to_date('15.07.2022','%d.%m.%Y'), str_to_date('03.09.2022','%d.%m.%Y'), 1);
INSERT INTO booking (booking_id, guest_id, accomodation_id, booking_from, booking_until, booking_status_id) VALUES (359, 10, 58, str_to_date('12.06.2021','%d.%m.%Y'), str_to_date('06.07.2021','%d.%m.%Y'), 6);
INSERT INTO booking (booking_id, guest_id, accomodation_id, booking_from, booking_until, booking_status_id) VALUES (360, 11, 45, str_to_date('21.05.2021','%d.%m.%Y'), str_to_date('01.06.2021','%d.%m.%Y'), 1);
INSERT INTO booking (booking_id, guest_id, accomodation_id, booking_from, booking_until, booking_status_id) VALUES (361, 11, 49, str_to_date('24.10.2021','%d.%m.%Y'), str_to_date('14.11.2021','%d.%m.%Y'), 1);
INSERT INTO booking (booking_id, guest_id, accomodation_id, booking_from, booking_until, booking_status_id) VALUES (362, 18, 22, str_to_date('13.04.2021','%d.%m.%Y'), str_to_date('21.05.2021','%d.%m.%Y'), 6);
INSERT INTO booking (booking_id, guest_id, accomodation_id, booking_from, booking_until, booking_status_id) VALUES (363, 10, 3, str_to_date('14.03.2021','%d.%m.%Y'), str_to_date('01.04.2021','%d.%m.%Y'), 5);
INSERT INTO booking (booking_id, guest_id, accomodation_id, booking_from, booking_until, booking_status_id) VALUES (364, 15, 56, str_to_date('08.04.2021','%d.%m.%Y'), str_to_date('06.05.2021','%d.%m.%Y'), 2);
INSERT INTO booking (booking_id, guest_id, accomodation_id, booking_from, booking_until, booking_status_id) VALUES (365, 3, 16, str_to_date('26.07.2022','%d.%m.%Y'), str_to_date('15.08.2022','%d.%m.%Y'), 1);
INSERT INTO booking (booking_id, guest_id, accomodation_id, booking_from, booking_until, booking_status_id) VALUES (366, 6, 19, str_to_date('26.02.2022','%d.%m.%Y'), str_to_date('16.04.2022','%d.%m.%Y'), 3);
INSERT INTO booking (booking_id, guest_id, accomodation_id, booking_from, booking_until, booking_status_id) VALUES (367, 20, 30, str_to_date('03.12.2021','%d.%m.%Y'), str_to_date('28.12.2021','%d.%m.%Y'), 4);
INSERT INTO booking (booking_id, guest_id, accomodation_id, booking_from, booking_until, booking_status_id) VALUES (368, 18, 27, str_to_date('28.08.2021','%d.%m.%Y'), str_to_date('06.10.2021','%d.%m.%Y'), 2);
INSERT INTO booking (booking_id, guest_id, accomodation_id, booking_from, booking_until, booking_status_id) VALUES (369, 16, 43, str_to_date('16.10.2022','%d.%m.%Y'), str_to_date('25.11.2022','%d.%m.%Y'), 3);
INSERT INTO booking (booking_id, guest_id, accomodation_id, booking_from, booking_until, booking_status_id) VALUES (370, 6, 14, str_to_date('16.11.2021','%d.%m.%Y'), str_to_date('04.12.2021','%d.%m.%Y'), 6);
INSERT INTO booking (booking_id, guest_id, accomodation_id, booking_from, booking_until, booking_status_id) VALUES (371, 13, 57, str_to_date('13.09.2022','%d.%m.%Y'), str_to_date('13.10.2022','%d.%m.%Y'), 4);
INSERT INTO booking (booking_id, guest_id, accomodation_id, booking_from, booking_until, booking_status_id) VALUES (372, 4, 5, str_to_date('16.07.2022','%d.%m.%Y'), str_to_date('13.08.2022','%d.%m.%Y'), 1);
INSERT INTO booking (booking_id, guest_id, accomodation_id, booking_from, booking_until, booking_status_id) VALUES (373, 14, 11, str_to_date('15.07.2022','%d.%m.%Y'), str_to_date('21.07.2022','%d.%m.%Y'), 6);
INSERT INTO booking (booking_id, guest_id, accomodation_id, booking_from, booking_until, booking_status_id) VALUES (374, 3, 28, str_to_date('18.10.2022','%d.%m.%Y'), str_to_date('27.10.2022','%d.%m.%Y'), 4);
INSERT INTO booking (booking_id, guest_id, accomodation_id, booking_from, booking_until, booking_status_id) VALUES (375, 9, 56, str_to_date('28.04.2022','%d.%m.%Y'), str_to_date('11.06.2022','%d.%m.%Y'), 3);
INSERT INTO booking (booking_id, guest_id, accomodation_id, booking_from, booking_until, booking_status_id) VALUES (376, 1, 40, str_to_date('23.06.2022','%d.%m.%Y'), str_to_date('05.08.2022','%d.%m.%Y'), 1);
INSERT INTO booking (booking_id, guest_id, accomodation_id, booking_from, booking_until, booking_status_id) VALUES (377, 2, 16, str_to_date('12.08.2022','%d.%m.%Y'), str_to_date('16.09.2022','%d.%m.%Y'), 6);
INSERT INTO booking (booking_id, guest_id, accomodation_id, booking_from, booking_until, booking_status_id) VALUES (378, 19, 50, str_to_date('06.01.2022','%d.%m.%Y'), str_to_date('21.02.2022','%d.%m.%Y'), 1);
INSERT INTO booking (booking_id, guest_id, accomodation_id, booking_from, booking_until, booking_status_id) VALUES (379, 10, 55, str_to_date('09.05.2021','%d.%m.%Y'), str_to_date('19.05.2021','%d.%m.%Y'), 6);
INSERT INTO booking (booking_id, guest_id, accomodation_id, booking_from, booking_until, booking_status_id) VALUES (380, 9, 25, str_to_date('21.12.2022','%d.%m.%Y'), str_to_date('12.01.2023','%d.%m.%Y'), 5);
INSERT INTO booking (booking_id, guest_id, accomodation_id, booking_from, booking_until, booking_status_id) VALUES (381, 13, 49, str_to_date('06.10.2021','%d.%m.%Y'), str_to_date('28.10.2021','%d.%m.%Y'), 2);
INSERT INTO booking (booking_id, guest_id, accomodation_id, booking_from, booking_until, booking_status_id) VALUES (382, 1, 52, str_to_date('14.11.2022','%d.%m.%Y'), str_to_date('21.12.2022','%d.%m.%Y'), 6);
INSERT INTO booking (booking_id, guest_id, accomodation_id, booking_from, booking_until, booking_status_id) VALUES (383, 1, 35, str_to_date('22.09.2022','%d.%m.%Y'), str_to_date('18.10.2022','%d.%m.%Y'), 5);
INSERT INTO booking (booking_id, guest_id, accomodation_id, booking_from, booking_until, booking_status_id) VALUES (384, 9, 5, str_to_date('25.05.2022','%d.%m.%Y'), str_to_date('06.07.2022','%d.%m.%Y'), 6);
INSERT INTO booking (booking_id, guest_id, accomodation_id, booking_from, booking_until, booking_status_id) VALUES (385, 16, 18, str_to_date('26.11.2022','%d.%m.%Y'), str_to_date('10.01.2023','%d.%m.%Y'), 2);
INSERT INTO booking (booking_id, guest_id, accomodation_id, booking_from, booking_until, booking_status_id) VALUES (386, 3, 6, str_to_date('11.06.2021','%d.%m.%Y'), str_to_date('12.06.2021','%d.%m.%Y'), 1);
INSERT INTO booking (booking_id, guest_id, accomodation_id, booking_from, booking_until, booking_status_id) VALUES (387, 17, 41, str_to_date('11.07.2021','%d.%m.%Y'), str_to_date('13.07.2021','%d.%m.%Y'), 6);
INSERT INTO booking (booking_id, guest_id, accomodation_id, booking_from, booking_until, booking_status_id) VALUES (388, 8, 42, str_to_date('11.03.2021','%d.%m.%Y'), str_to_date('30.04.2021','%d.%m.%Y'), 2);
INSERT INTO booking (booking_id, guest_id, accomodation_id, booking_from, booking_until, booking_status_id) VALUES (389, 8, 26, str_to_date('16.02.2021','%d.%m.%Y'), str_to_date('06.04.2021','%d.%m.%Y'), 5);
INSERT INTO booking (booking_id, guest_id, accomodation_id, booking_from, booking_until, booking_status_id) VALUES (390, 4, 16, str_to_date('21.12.2021','%d.%m.%Y'), str_to_date('16.01.2022','%d.%m.%Y'), 3);
INSERT INTO booking (booking_id, guest_id, accomodation_id, booking_from, booking_until, booking_status_id) VALUES (391, 16, 36, str_to_date('13.02.2022','%d.%m.%Y'), str_to_date('11.03.2022','%d.%m.%Y'), 2);
INSERT INTO booking (booking_id, guest_id, accomodation_id, booking_from, booking_until, booking_status_id) VALUES (392, 7, 19, str_to_date('05.06.2022','%d.%m.%Y'), str_to_date('14.06.2022','%d.%m.%Y'), 3);
INSERT INTO booking (booking_id, guest_id, accomodation_id, booking_from, booking_until, booking_status_id) VALUES (393, 15, 9, str_to_date('05.06.2021','%d.%m.%Y'), str_to_date('28.06.2021','%d.%m.%Y'), 1);
INSERT INTO booking (booking_id, guest_id, accomodation_id, booking_from, booking_until, booking_status_id) VALUES (394, 11, 41, str_to_date('28.05.2022','%d.%m.%Y'), str_to_date('16.06.2022','%d.%m.%Y'), 3);
INSERT INTO booking (booking_id, guest_id, accomodation_id, booking_from, booking_until, booking_status_id) VALUES (395, 17, 30, str_to_date('20.07.2021','%d.%m.%Y'), str_to_date('17.08.2021','%d.%m.%Y'), 6);
INSERT INTO booking (booking_id, guest_id, accomodation_id, booking_from, booking_until, booking_status_id) VALUES (396, 3, 17, str_to_date('15.01.2021','%d.%m.%Y'), str_to_date('06.03.2021','%d.%m.%Y'), 2);
INSERT INTO booking (booking_id, guest_id, accomodation_id, booking_from, booking_until, booking_status_id) VALUES (397, 9, 4, str_to_date('19.04.2022','%d.%m.%Y'), str_to_date('23.05.2022','%d.%m.%Y'), 3);
INSERT INTO booking (booking_id, guest_id, accomodation_id, booking_from, booking_until, booking_status_id) VALUES (398, 15, 21, str_to_date('21.08.2021','%d.%m.%Y'), str_to_date('05.09.2021','%d.%m.%Y'), 6);
INSERT INTO booking (booking_id, guest_id, accomodation_id, booking_from, booking_until, booking_status_id) VALUES (399, 19, 7, str_to_date('28.01.2022','%d.%m.%Y'), str_to_date('20.02.2022','%d.%m.%Y'), 1);
INSERT INTO booking (booking_id, guest_id, accomodation_id, booking_from, booking_until, booking_status_id) VALUES (400, 15, 5, str_to_date('03.10.2022','%d.%m.%Y'), str_to_date('22.10.2022','%d.%m.%Y'), 5);
INSERT INTO booking (booking_id, guest_id, accomodation_id, booking_from, booking_until, booking_status_id) VALUES (401, 6, 7, str_to_date('11.02.2021','%d.%m.%Y'), str_to_date('13.03.2021','%d.%m.%Y'), 3);
INSERT INTO booking (booking_id, guest_id, accomodation_id, booking_from, booking_until, booking_status_id) VALUES (402, 18, 39, str_to_date('12.12.2022','%d.%m.%Y'), str_to_date('21.12.2022','%d.%m.%Y'), 1);
INSERT INTO booking (booking_id, guest_id, accomodation_id, booking_from, booking_until, booking_status_id) VALUES (403, 3, 1, str_to_date('30.08.2022','%d.%m.%Y'), str_to_date('22.09.2022','%d.%m.%Y'), 3);
INSERT INTO booking (booking_id, guest_id, accomodation_id, booking_from, booking_until, booking_status_id) VALUES (404, 3, 57, str_to_date('17.02.2022','%d.%m.%Y'), str_to_date('04.04.2022','%d.%m.%Y'), 2);
INSERT INTO booking (booking_id, guest_id, accomodation_id, booking_from, booking_until, booking_status_id) VALUES (405, 9, 6, str_to_date('04.05.2022','%d.%m.%Y'), str_to_date('11.06.2022','%d.%m.%Y'), 6);
INSERT INTO booking (booking_id, guest_id, accomodation_id, booking_from, booking_until, booking_status_id) VALUES (406, 3, 16, str_to_date('24.09.2022','%d.%m.%Y'), str_to_date('12.10.2022','%d.%m.%Y'), 1);
INSERT INTO booking (booking_id, guest_id, accomodation_id, booking_from, booking_until, booking_status_id) VALUES (407, 1, 13, str_to_date('21.10.2022','%d.%m.%Y'), str_to_date('06.12.2022','%d.%m.%Y'), 3);
INSERT INTO booking (booking_id, guest_id, accomodation_id, booking_from, booking_until, booking_status_id) VALUES (408, 15, 11, str_to_date('16.10.2021','%d.%m.%Y'), str_to_date('26.10.2021','%d.%m.%Y'), 4);
INSERT INTO booking (booking_id, guest_id, accomodation_id, booking_from, booking_until, booking_status_id) VALUES (409, 4, 50, str_to_date('29.10.2021','%d.%m.%Y'), str_to_date('07.12.2021','%d.%m.%Y'), 2);
INSERT INTO booking (booking_id, guest_id, accomodation_id, booking_from, booking_until, booking_status_id) VALUES (410, 12, 51, str_to_date('30.10.2021','%d.%m.%Y'), str_to_date('13.12.2021','%d.%m.%Y'), 6);
INSERT INTO booking (booking_id, guest_id, accomodation_id, booking_from, booking_until, booking_status_id) VALUES (411, 6, 14, str_to_date('05.01.2021','%d.%m.%Y'), str_to_date('13.02.2021','%d.%m.%Y'), 3);
INSERT INTO booking (booking_id, guest_id, accomodation_id, booking_from, booking_until, booking_status_id) VALUES (412, 5, 42, str_to_date('06.04.2021','%d.%m.%Y'), str_to_date('06.05.2021','%d.%m.%Y'), 1);
INSERT INTO booking (booking_id, guest_id, accomodation_id, booking_from, booking_until, booking_status_id) VALUES (413, 3, 48, str_to_date('15.12.2021','%d.%m.%Y'), str_to_date('31.01.2022','%d.%m.%Y'), 3);
INSERT INTO booking (booking_id, guest_id, accomodation_id, booking_from, booking_until, booking_status_id) VALUES (414, 10, 37, str_to_date('30.03.2022','%d.%m.%Y'), str_to_date('19.04.2022','%d.%m.%Y'), 3);
INSERT INTO booking (booking_id, guest_id, accomodation_id, booking_from, booking_until, booking_status_id) VALUES (415, 3, 7, str_to_date('17.02.2022','%d.%m.%Y'), str_to_date('20.02.2022','%d.%m.%Y'), 2);
INSERT INTO booking (booking_id, guest_id, accomodation_id, booking_from, booking_until, booking_status_id) VALUES (416, 15, 11, str_to_date('06.06.2021','%d.%m.%Y'), str_to_date('16.07.2021','%d.%m.%Y'), 2);
INSERT INTO booking (booking_id, guest_id, accomodation_id, booking_from, booking_until, booking_status_id) VALUES (417, 20, 8, str_to_date('19.08.2022','%d.%m.%Y'), str_to_date('26.08.2022','%d.%m.%Y'), 6);
INSERT INTO booking (booking_id, guest_id, accomodation_id, booking_from, booking_until, booking_status_id) VALUES (418, 11, 41, str_to_date('02.01.2021','%d.%m.%Y'), str_to_date('27.01.2021','%d.%m.%Y'), 6);
INSERT INTO booking (booking_id, guest_id, accomodation_id, booking_from, booking_until, booking_status_id) VALUES (419, 1, 20, str_to_date('11.10.2021','%d.%m.%Y'), str_to_date('26.10.2021','%d.%m.%Y'), 4);
INSERT INTO booking (booking_id, guest_id, accomodation_id, booking_from, booking_until, booking_status_id) VALUES (420, 18, 49, str_to_date('07.11.2022','%d.%m.%Y'), str_to_date('04.12.2022','%d.%m.%Y'), 4);
INSERT INTO booking (booking_id, guest_id, accomodation_id, booking_from, booking_until, booking_status_id) VALUES (421, 8, 40, str_to_date('24.07.2022','%d.%m.%Y'), str_to_date('30.07.2022','%d.%m.%Y'), 3);
INSERT INTO booking (booking_id, guest_id, accomodation_id, booking_from, booking_until, booking_status_id) VALUES (422, 3, 7, str_to_date('21.01.2022','%d.%m.%Y'), str_to_date('23.01.2022','%d.%m.%Y'), 4);
INSERT INTO booking (booking_id, guest_id, accomodation_id, booking_from, booking_until, booking_status_id) VALUES (423, 12, 28, str_to_date('18.04.2022','%d.%m.%Y'), str_to_date('19.04.2022','%d.%m.%Y'), 6);
INSERT INTO booking (booking_id, guest_id, accomodation_id, booking_from, booking_until, booking_status_id) VALUES (424, 20, 55, str_to_date('14.05.2021','%d.%m.%Y'), str_to_date('30.05.2021','%d.%m.%Y'), 3);
INSERT INTO booking (booking_id, guest_id, accomodation_id, booking_from, booking_until, booking_status_id) VALUES (425, 10, 13, str_to_date('01.10.2021','%d.%m.%Y'), str_to_date('19.10.2021','%d.%m.%Y'), 1);
INSERT INTO booking (booking_id, guest_id, accomodation_id, booking_from, booking_until, booking_status_id) VALUES (426, 1, 21, str_to_date('22.11.2021','%d.%m.%Y'), str_to_date('09.12.2021','%d.%m.%Y'), 6);
INSERT INTO booking (booking_id, guest_id, accomodation_id, booking_from, booking_until, booking_status_id) VALUES (427, 17, 9, str_to_date('11.12.2021','%d.%m.%Y'), str_to_date('23.01.2022','%d.%m.%Y'), 4);
INSERT INTO booking (booking_id, guest_id, accomodation_id, booking_from, booking_until, booking_status_id) VALUES (428, 19, 58, str_to_date('11.02.2021','%d.%m.%Y'), str_to_date('10.03.2021','%d.%m.%Y'), 6);
INSERT INTO booking (booking_id, guest_id, accomodation_id, booking_from, booking_until, booking_status_id) VALUES (429, 14, 3, str_to_date('19.01.2021','%d.%m.%Y'), str_to_date('08.02.2021','%d.%m.%Y'), 2);
INSERT INTO booking (booking_id, guest_id, accomodation_id, booking_from, booking_until, booking_status_id) VALUES (430, 3, 20, str_to_date('18.11.2021','%d.%m.%Y'), str_to_date('23.12.2021','%d.%m.%Y'), 4);
INSERT INTO booking (booking_id, guest_id, accomodation_id, booking_from, booking_until, booking_status_id) VALUES (431, 18, 60, str_to_date('14.02.2021','%d.%m.%Y'), str_to_date('09.03.2021','%d.%m.%Y'), 6);
INSERT INTO booking (booking_id, guest_id, accomodation_id, booking_from, booking_until, booking_status_id) VALUES (432, 3, 36, str_to_date('01.11.2021','%d.%m.%Y'), str_to_date('18.11.2021','%d.%m.%Y'), 1);
INSERT INTO booking (booking_id, guest_id, accomodation_id, booking_from, booking_until, booking_status_id) VALUES (433, 10, 41, str_to_date('11.12.2022','%d.%m.%Y'), str_to_date('24.01.2023','%d.%m.%Y'), 5);
INSERT INTO booking (booking_id, guest_id, accomodation_id, booking_from, booking_until, booking_status_id) VALUES (434, 2, 18, str_to_date('13.12.2021','%d.%m.%Y'), str_to_date('17.12.2021','%d.%m.%Y'), 2);
INSERT INTO booking (booking_id, guest_id, accomodation_id, booking_from, booking_until, booking_status_id) VALUES (435, 10, 42, str_to_date('02.12.2021','%d.%m.%Y'), str_to_date('19.12.2021','%d.%m.%Y'), 4);
INSERT INTO booking (booking_id, guest_id, accomodation_id, booking_from, booking_until, booking_status_id) VALUES (436, 13, 23, str_to_date('10.06.2021','%d.%m.%Y'), str_to_date('09.07.2021','%d.%m.%Y'), 5);
INSERT INTO booking (booking_id, guest_id, accomodation_id, booking_from, booking_until, booking_status_id) VALUES (437, 3, 28, str_to_date('17.07.2021','%d.%m.%Y'), str_to_date('14.08.2021','%d.%m.%Y'), 3);
INSERT INTO booking (booking_id, guest_id, accomodation_id, booking_from, booking_until, booking_status_id) VALUES (438, 5, 6, str_to_date('04.05.2022','%d.%m.%Y'), str_to_date('08.06.2022','%d.%m.%Y'), 6);
INSERT INTO booking (booking_id, guest_id, accomodation_id, booking_from, booking_until, booking_status_id) VALUES (439, 4, 53, str_to_date('09.05.2021','%d.%m.%Y'), str_to_date('01.06.2021','%d.%m.%Y'), 5);
INSERT INTO booking (booking_id, guest_id, accomodation_id, booking_from, booking_until, booking_status_id) VALUES (440, 12, 53, str_to_date('21.03.2022','%d.%m.%Y'), str_to_date('14.04.2022','%d.%m.%Y'), 5);
INSERT INTO booking (booking_id, guest_id, accomodation_id, booking_from, booking_until, booking_status_id) VALUES (441, 16, 27, str_to_date('02.03.2021','%d.%m.%Y'), str_to_date('30.03.2021','%d.%m.%Y'), 1);
INSERT INTO booking (booking_id, guest_id, accomodation_id, booking_from, booking_until, booking_status_id) VALUES (442, 19, 8, str_to_date('04.05.2022','%d.%m.%Y'), str_to_date('12.05.2022','%d.%m.%Y'), 5);
INSERT INTO booking (booking_id, guest_id, accomodation_id, booking_from, booking_until, booking_status_id) VALUES (443, 15, 9, str_to_date('09.11.2021','%d.%m.%Y'), str_to_date('19.11.2021','%d.%m.%Y'), 2);
INSERT INTO booking (booking_id, guest_id, accomodation_id, booking_from, booking_until, booking_status_id) VALUES (444, 4, 9, str_to_date('23.11.2022','%d.%m.%Y'), str_to_date('01.01.2023','%d.%m.%Y'), 5);
INSERT INTO booking (booking_id, guest_id, accomodation_id, booking_from, booking_until, booking_status_id) VALUES (445, 1, 5, str_to_date('17.05.2022','%d.%m.%Y'), str_to_date('01.06.2022','%d.%m.%Y'), 4);
INSERT INTO booking (booking_id, guest_id, accomodation_id, booking_from, booking_until, booking_status_id) VALUES (446, 19, 25, str_to_date('24.08.2021','%d.%m.%Y'), str_to_date('11.09.2021','%d.%m.%Y'), 3);
INSERT INTO booking (booking_id, guest_id, accomodation_id, booking_from, booking_until, booking_status_id) VALUES (447, 9, 49, str_to_date('03.08.2022','%d.%m.%Y'), str_to_date('02.09.2022','%d.%m.%Y'), 5);
INSERT INTO booking (booking_id, guest_id, accomodation_id, booking_from, booking_until, booking_status_id) VALUES (448, 19, 15, str_to_date('11.02.2021','%d.%m.%Y'), str_to_date('21.02.2021','%d.%m.%Y'), 6);
INSERT INTO booking (booking_id, guest_id, accomodation_id, booking_from, booking_until, booking_status_id) VALUES (449, 14, 36, str_to_date('12.06.2021','%d.%m.%Y'), str_to_date('02.07.2021','%d.%m.%Y'), 3);
INSERT INTO booking (booking_id, guest_id, accomodation_id, booking_from, booking_until, booking_status_id) VALUES (450, 17, 6, str_to_date('29.07.2022','%d.%m.%Y'), str_to_date('10.09.2022','%d.%m.%Y'), 5);
INSERT INTO booking (booking_id, guest_id, accomodation_id, booking_from, booking_until, booking_status_id) VALUES (451, 4, 14, str_to_date('17.03.2021','%d.%m.%Y'), str_to_date('02.05.2021','%d.%m.%Y'), 1);
INSERT INTO booking (booking_id, guest_id, accomodation_id, booking_from, booking_until, booking_status_id) VALUES (452, 19, 43, str_to_date('06.11.2022','%d.%m.%Y'), str_to_date('05.12.2022','%d.%m.%Y'), 5);
INSERT INTO booking (booking_id, guest_id, accomodation_id, booking_from, booking_until, booking_status_id) VALUES (453, 2, 34, str_to_date('25.04.2022','%d.%m.%Y'), str_to_date('03.05.2022','%d.%m.%Y'), 2);
INSERT INTO booking (booking_id, guest_id, accomodation_id, booking_from, booking_until, booking_status_id) VALUES (454, 8, 43, str_to_date('31.08.2022','%d.%m.%Y'), str_to_date('01.10.2022','%d.%m.%Y'), 5);
INSERT INTO booking (booking_id, guest_id, accomodation_id, booking_from, booking_until, booking_status_id) VALUES (455, 20, 53, str_to_date('21.10.2022','%d.%m.%Y'), str_to_date('04.11.2022','%d.%m.%Y'), 5);
INSERT INTO booking (booking_id, guest_id, accomodation_id, booking_from, booking_until, booking_status_id) VALUES (456, 13, 33, str_to_date('28.11.2022','%d.%m.%Y'), str_to_date('03.12.2022','%d.%m.%Y'), 4);
INSERT INTO booking (booking_id, guest_id, accomodation_id, booking_from, booking_until, booking_status_id) VALUES (457, 2, 44, str_to_date('08.02.2021','%d.%m.%Y'), str_to_date('21.03.2021','%d.%m.%Y'), 3);
INSERT INTO booking (booking_id, guest_id, accomodation_id, booking_from, booking_until, booking_status_id) VALUES (458, 2, 40, str_to_date('21.05.2022','%d.%m.%Y'), str_to_date('04.07.2022','%d.%m.%Y'), 6);
INSERT INTO booking (booking_id, guest_id, accomodation_id, booking_from, booking_until, booking_status_id) VALUES (459, 8, 37, str_to_date('03.02.2021','%d.%m.%Y'), str_to_date('05.02.2021','%d.%m.%Y'), 4);
INSERT INTO booking (booking_id, guest_id, accomodation_id, booking_from, booking_until, booking_status_id) VALUES (460, 4, 12, str_to_date('14.02.2022','%d.%m.%Y'), str_to_date('20.03.2022','%d.%m.%Y'), 2);
INSERT INTO booking (booking_id, guest_id, accomodation_id, booking_from, booking_until, booking_status_id) VALUES (461, 5, 33, str_to_date('28.03.2021','%d.%m.%Y'), str_to_date('29.03.2021','%d.%m.%Y'), 4);
INSERT INTO booking (booking_id, guest_id, accomodation_id, booking_from, booking_until, booking_status_id) VALUES (462, 20, 22, str_to_date('17.09.2022','%d.%m.%Y'), str_to_date('07.10.2022','%d.%m.%Y'), 6);
INSERT INTO booking (booking_id, guest_id, accomodation_id, booking_from, booking_until, booking_status_id) VALUES (463, 11, 22, str_to_date('12.01.2022','%d.%m.%Y'), str_to_date('26.02.2022','%d.%m.%Y'), 2);
INSERT INTO booking (booking_id, guest_id, accomodation_id, booking_from, booking_until, booking_status_id) VALUES (464, 11, 11, str_to_date('12.04.2021','%d.%m.%Y'), str_to_date('01.05.2021','%d.%m.%Y'), 5);
INSERT INTO booking (booking_id, guest_id, accomodation_id, booking_from, booking_until, booking_status_id) VALUES (465, 9, 12, str_to_date('18.10.2021','%d.%m.%Y'), str_to_date('03.12.2021','%d.%m.%Y'), 2);
INSERT INTO booking (booking_id, guest_id, accomodation_id, booking_from, booking_until, booking_status_id) VALUES (466, 11, 14, str_to_date('20.10.2021','%d.%m.%Y'), str_to_date('21.10.2021','%d.%m.%Y'), 2);
INSERT INTO booking (booking_id, guest_id, accomodation_id, booking_from, booking_until, booking_status_id) VALUES (467, 17, 1, str_to_date('29.07.2022','%d.%m.%Y'), str_to_date('06.09.2022','%d.%m.%Y'), 4);
INSERT INTO booking (booking_id, guest_id, accomodation_id, booking_from, booking_until, booking_status_id) VALUES (468, 20, 14, str_to_date('19.01.2021','%d.%m.%Y'), str_to_date('25.02.2021','%d.%m.%Y'), 5);
INSERT INTO booking (booking_id, guest_id, accomodation_id, booking_from, booking_until, booking_status_id) VALUES (469, 6, 27, str_to_date('12.03.2021','%d.%m.%Y'), str_to_date('15.03.2021','%d.%m.%Y'), 6);
INSERT INTO booking (booking_id, guest_id, accomodation_id, booking_from, booking_until, booking_status_id) VALUES (470, 19, 51, str_to_date('29.11.2021','%d.%m.%Y'), str_to_date('05.12.2021','%d.%m.%Y'), 4);
INSERT INTO booking (booking_id, guest_id, accomodation_id, booking_from, booking_until, booking_status_id) VALUES (471, 8, 12, str_to_date('06.06.2021','%d.%m.%Y'), str_to_date('28.06.2021','%d.%m.%Y'), 6);
INSERT INTO booking (booking_id, guest_id, accomodation_id, booking_from, booking_until, booking_status_id) VALUES (472, 2, 6, str_to_date('12.04.2021','%d.%m.%Y'), str_to_date('26.05.2021','%d.%m.%Y'), 5);
INSERT INTO booking (booking_id, guest_id, accomodation_id, booking_from, booking_until, booking_status_id) VALUES (473, 3, 2, str_to_date('26.09.2022','%d.%m.%Y'), str_to_date('09.10.2022','%d.%m.%Y'), 6);
INSERT INTO booking (booking_id, guest_id, accomodation_id, booking_from, booking_until, booking_status_id) VALUES (474, 19, 38, str_to_date('27.04.2021','%d.%m.%Y'), str_to_date('11.05.2021','%d.%m.%Y'), 4);
INSERT INTO booking (booking_id, guest_id, accomodation_id, booking_from, booking_until, booking_status_id) VALUES (475, 3, 2, str_to_date('31.03.2022','%d.%m.%Y'), str_to_date('01.04.2022','%d.%m.%Y'), 5);
INSERT INTO booking (booking_id, guest_id, accomodation_id, booking_from, booking_until, booking_status_id) VALUES (476, 14, 16, str_to_date('02.10.2022','%d.%m.%Y'), str_to_date('02.11.2022','%d.%m.%Y'), 3);
INSERT INTO booking (booking_id, guest_id, accomodation_id, booking_from, booking_until, booking_status_id) VALUES (477, 7, 33, str_to_date('03.06.2021','%d.%m.%Y'), str_to_date('05.07.2021','%d.%m.%Y'), 6);
INSERT INTO booking (booking_id, guest_id, accomodation_id, booking_from, booking_until, booking_status_id) VALUES (478, 18, 2, str_to_date('08.10.2022','%d.%m.%Y'), str_to_date('07.11.2022','%d.%m.%Y'), 5);
INSERT INTO booking (booking_id, guest_id, accomodation_id, booking_from, booking_until, booking_status_id) VALUES (479, 3, 7, str_to_date('18.10.2021','%d.%m.%Y'), str_to_date('24.11.2021','%d.%m.%Y'), 1);
INSERT INTO booking (booking_id, guest_id, accomodation_id, booking_from, booking_until, booking_status_id) VALUES (480, 13, 27, str_to_date('14.04.2022','%d.%m.%Y'), str_to_date('25.04.2022','%d.%m.%Y'), 2);
INSERT INTO booking (booking_id, guest_id, accomodation_id, booking_from, booking_until, booking_status_id) VALUES (481, 9, 40, str_to_date('29.09.2022','%d.%m.%Y'), str_to_date('04.11.2022','%d.%m.%Y'), 4);
INSERT INTO booking (booking_id, guest_id, accomodation_id, booking_from, booking_until, booking_status_id) VALUES (482, 4, 9, str_to_date('21.11.2022','%d.%m.%Y'), str_to_date('11.12.2022','%d.%m.%Y'), 3);
INSERT INTO booking (booking_id, guest_id, accomodation_id, booking_from, booking_until, booking_status_id) VALUES (483, 2, 46, str_to_date('19.05.2022','%d.%m.%Y'), str_to_date('01.07.2022','%d.%m.%Y'), 5);
INSERT INTO booking (booking_id, guest_id, accomodation_id, booking_from, booking_until, booking_status_id) VALUES (484, 7, 1, str_to_date('25.06.2021','%d.%m.%Y'), str_to_date('27.07.2021','%d.%m.%Y'), 1);
INSERT INTO booking (booking_id, guest_id, accomodation_id, booking_from, booking_until, booking_status_id) VALUES (485, 7, 55, str_to_date('07.05.2021','%d.%m.%Y'), str_to_date('11.05.2021','%d.%m.%Y'), 6);
INSERT INTO booking (booking_id, guest_id, accomodation_id, booking_from, booking_until, booking_status_id) VALUES (486, 12, 50, str_to_date('23.05.2021','%d.%m.%Y'), str_to_date('02.06.2021','%d.%m.%Y'), 5);
INSERT INTO booking (booking_id, guest_id, accomodation_id, booking_from, booking_until, booking_status_id) VALUES (487, 18, 48, str_to_date('07.06.2021','%d.%m.%Y'), str_to_date('12.06.2021','%d.%m.%Y'), 6);
INSERT INTO booking (booking_id, guest_id, accomodation_id, booking_from, booking_until, booking_status_id) VALUES (488, 14, 8, str_to_date('17.02.2021','%d.%m.%Y'), str_to_date('20.02.2021','%d.%m.%Y'), 2);
INSERT INTO booking (booking_id, guest_id, accomodation_id, booking_from, booking_until, booking_status_id) VALUES (489, 3, 10, str_to_date('26.12.2021','%d.%m.%Y'), str_to_date('29.01.2022','%d.%m.%Y'), 1);
INSERT INTO booking (booking_id, guest_id, accomodation_id, booking_from, booking_until, booking_status_id) VALUES (490, 17, 32, str_to_date('02.09.2022','%d.%m.%Y'), str_to_date('28.09.2022','%d.%m.%Y'), 1);
INSERT INTO booking (booking_id, guest_id, accomodation_id, booking_from, booking_until, booking_status_id) VALUES (491, 18, 10, str_to_date('02.03.2022','%d.%m.%Y'), str_to_date('17.03.2022','%d.%m.%Y'), 5);
INSERT INTO booking (booking_id, guest_id, accomodation_id, booking_from, booking_until, booking_status_id) VALUES (492, 15, 57, str_to_date('21.10.2022','%d.%m.%Y'), str_to_date('06.11.2022','%d.%m.%Y'), 4);
INSERT INTO booking (booking_id, guest_id, accomodation_id, booking_from, booking_until, booking_status_id) VALUES (493, 1, 43, str_to_date('31.05.2021','%d.%m.%Y'), str_to_date('12.07.2021','%d.%m.%Y'), 1);
INSERT INTO booking (booking_id, guest_id, accomodation_id, booking_from, booking_until, booking_status_id) VALUES (494, 7, 22, str_to_date('18.05.2022','%d.%m.%Y'), str_to_date('30.06.2022','%d.%m.%Y'), 6);
INSERT INTO booking (booking_id, guest_id, accomodation_id, booking_from, booking_until, booking_status_id) VALUES (495, 2, 3, str_to_date('20.04.2022','%d.%m.%Y'), str_to_date('11.05.2022','%d.%m.%Y'), 1);
INSERT INTO booking (booking_id, guest_id, accomodation_id, booking_from, booking_until, booking_status_id) VALUES (496, 9, 51, str_to_date('07.08.2021','%d.%m.%Y'), str_to_date('13.08.2021','%d.%m.%Y'), 1);
INSERT INTO booking (booking_id, guest_id, accomodation_id, booking_from, booking_until, booking_status_id) VALUES (497, 3, 59, str_to_date('21.04.2022','%d.%m.%Y'), str_to_date('07.06.2022','%d.%m.%Y'), 3);
INSERT INTO booking (booking_id, guest_id, accomodation_id, booking_from, booking_until, booking_status_id) VALUES (498, 15, 46, str_to_date('20.10.2021','%d.%m.%Y'), str_to_date('25.10.2021','%d.%m.%Y'), 3);
INSERT INTO booking (booking_id, guest_id, accomodation_id, booking_from, booking_until, booking_status_id) VALUES (499, 18, 21, str_to_date('26.01.2021','%d.%m.%Y'), str_to_date('16.02.2021','%d.%m.%Y'), 3);
INSERT INTO booking (booking_id, guest_id, accomodation_id, booking_from, booking_until, booking_status_id) VALUES (500, 18, 9, str_to_date('20.10.2022','%d.%m.%Y'), str_to_date('25.10.2022','%d.%m.%Y'), 5);

INSERT INTO review (review_id, booking_id, guest_comment, host_comment, guest_rating, host_rating) VALUES (review_id, booking_id, guest_comment, host_comment, guest_rating, host_rating);
INSERT INTO review (review_id, booking_id, guest_comment, host_comment, guest_rating, host_rating) VALUES (review_id, booking_id, guest_comment, host_comment, guest_rating, host_rating);
INSERT INTO review (review_id, booking_id, guest_comment, host_comment, guest_rating, host_rating) VALUES (review_id, booking_id, guest_comment, host_comment, guest_rating, host_rating);
INSERT INTO review (review_id, booking_id, guest_comment, host_comment, guest_rating, host_rating) VALUES (review_id, booking_id, guest_comment, host_comment, guest_rating, host_rating);
INSERT INTO review (review_id, booking_id, guest_comment, host_comment, guest_rating, host_rating) VALUES (review_id, booking_id, guest_comment, host_comment, guest_rating, host_rating);
INSERT INTO review (review_id, booking_id, guest_comment, host_comment, guest_rating, host_rating) VALUES (review_id, booking_id, guest_comment, host_comment, guest_rating, host_rating);
INSERT INTO review (review_id, booking_id, guest_comment, host_comment, guest_rating, host_rating) VALUES (review_id, booking_id, guest_comment, host_comment, guest_rating, host_rating);
INSERT INTO review (review_id, booking_id, guest_comment, host_comment, guest_rating, host_rating) VALUES (review_id, booking_id, guest_comment, host_comment, guest_rating, host_rating);
INSERT INTO review (review_id, booking_id, guest_comment, host_comment, guest_rating, host_rating) VALUES (review_id, booking_id, guest_comment, host_comment, guest_rating, host_rating);
INSERT INTO review (review_id, booking_id, guest_comment, host_comment, guest_rating, host_rating) VALUES (review_id, booking_id, guest_comment, host_comment, guest_rating, host_rating);
INSERT INTO review (review_id, booking_id, guest_comment, host_comment, guest_rating, host_rating) VALUES (review_id, booking_id, guest_comment, host_comment, guest_rating, host_rating);
INSERT INTO review (review_id, booking_id, guest_comment, host_comment, guest_rating, host_rating) VALUES (review_id, booking_id, guest_comment, host_comment, guest_rating, host_rating);
INSERT INTO review (review_id, booking_id, guest_comment, host_comment, guest_rating, host_rating) VALUES (review_id, booking_id, guest_comment, host_comment, guest_rating, host_rating);
INSERT INTO review (review_id, booking_id, guest_comment, host_comment, guest_rating, host_rating) VALUES (review_id, booking_id, guest_comment, host_comment, guest_rating, host_rating);
INSERT INTO review (review_id, booking_id, guest_comment, host_comment, guest_rating, host_rating) VALUES (review_id, booking_id, guest_comment, host_comment, guest_rating, host_rating);
INSERT INTO review (review_id, booking_id, guest_comment, host_comment, guest_rating, host_rating) VALUES (review_id, booking_id, guest_comment, host_comment, guest_rating, host_rating);
INSERT INTO review (review_id, booking_id, guest_comment, host_comment, guest_rating, host_rating) VALUES (review_id, booking_id, guest_comment, host_comment, guest_rating, host_rating);
INSERT INTO review (review_id, booking_id, guest_comment, host_comment, guest_rating, host_rating) VALUES (review_id, booking_id, guest_comment, host_comment, guest_rating, host_rating);
INSERT INTO review (review_id, booking_id, guest_comment, host_comment, guest_rating, host_rating) VALUES (review_id, booking_id, guest_comment, host_comment, guest_rating, host_rating);
INSERT INTO review (review_id, booking_id, guest_comment, host_comment, guest_rating, host_rating) VALUES (review_id, booking_id, guest_comment, host_comment, guest_rating, host_rating);
INSERT INTO review (review_id, booking_id, guest_comment, host_comment, guest_rating, host_rating) VALUES (review_id, booking_id, guest_comment, host_comment, guest_rating, host_rating);

INSERT INTO payment (payment_id, booking_id, total_amount, payment_date, credit_card_number, credit_card_security_number, credit_card_validity_date, credit_card_vendor_id, commission_amount, payment_status_id, currency_id) VALUES (payment_id, booking_id, total_amount, payment_date, credit_card_number, credit_card_security_number, credit_card_validity_date, credit_card_vendor_id, commission_amount, payment_status_id, currency_id);
INSERT INTO payment (payment_id, booking_id, total_amount, payment_date, credit_card_number, credit_card_security_number, credit_card_validity_date, credit_card_vendor_id, commission_amount, payment_status_id, currency_id) VALUES (payment_id, booking_id, total_amount, payment_date, credit_card_number, credit_card_security_number, credit_card_validity_date, credit_card_vendor_id, commission_amount, payment_status_id, currency_id);
INSERT INTO payment (payment_id, booking_id, total_amount, payment_date, credit_card_number, credit_card_security_number, credit_card_validity_date, credit_card_vendor_id, commission_amount, payment_status_id, currency_id) VALUES (payment_id, booking_id, total_amount, payment_date, credit_card_number, credit_card_security_number, credit_card_validity_date, credit_card_vendor_id, commission_amount, payment_status_id, currency_id);
INSERT INTO payment (payment_id, booking_id, total_amount, payment_date, credit_card_number, credit_card_security_number, credit_card_validity_date, credit_card_vendor_id, commission_amount, payment_status_id, currency_id) VALUES (payment_id, booking_id, total_amount, payment_date, credit_card_number, credit_card_security_number, credit_card_validity_date, credit_card_vendor_id, commission_amount, payment_status_id, currency_id);
INSERT INTO payment (payment_id, booking_id, total_amount, payment_date, credit_card_number, credit_card_security_number, credit_card_validity_date, credit_card_vendor_id, commission_amount, payment_status_id, currency_id) VALUES (payment_id, booking_id, total_amount, payment_date, credit_card_number, credit_card_security_number, credit_card_validity_date, credit_card_vendor_id, commission_amount, payment_status_id, currency_id);
INSERT INTO payment (payment_id, booking_id, total_amount, payment_date, credit_card_number, credit_card_security_number, credit_card_validity_date, credit_card_vendor_id, commission_amount, payment_status_id, currency_id) VALUES (payment_id, booking_id, total_amount, payment_date, credit_card_number, credit_card_security_number, credit_card_validity_date, credit_card_vendor_id, commission_amount, payment_status_id, currency_id);
INSERT INTO payment (payment_id, booking_id, total_amount, payment_date, credit_card_number, credit_card_security_number, credit_card_validity_date, credit_card_vendor_id, commission_amount, payment_status_id, currency_id) VALUES (payment_id, booking_id, total_amount, payment_date, credit_card_number, credit_card_security_number, credit_card_validity_date, credit_card_vendor_id, commission_amount, payment_status_id, currency_id);
INSERT INTO payment (payment_id, booking_id, total_amount, payment_date, credit_card_number, credit_card_security_number, credit_card_validity_date, credit_card_vendor_id, commission_amount, payment_status_id, currency_id) VALUES (payment_id, booking_id, total_amount, payment_date, credit_card_number, credit_card_security_number, credit_card_validity_date, credit_card_vendor_id, commission_amount, payment_status_id, currency_id);
INSERT INTO payment (payment_id, booking_id, total_amount, payment_date, credit_card_number, credit_card_security_number, credit_card_validity_date, credit_card_vendor_id, commission_amount, payment_status_id, currency_id) VALUES (payment_id, booking_id, total_amount, payment_date, credit_card_number, credit_card_security_number, credit_card_validity_date, credit_card_vendor_id, commission_amount, payment_status_id, currency_id);
INSERT INTO payment (payment_id, booking_id, total_amount, payment_date, credit_card_number, credit_card_security_number, credit_card_validity_date, credit_card_vendor_id, commission_amount, payment_status_id, currency_id) VALUES (payment_id, booking_id, total_amount, payment_date, credit_card_number, credit_card_security_number, credit_card_validity_date, credit_card_vendor_id, commission_amount, payment_status_id, currency_id);
INSERT INTO payment (payment_id, booking_id, total_amount, payment_date, credit_card_number, credit_card_security_number, credit_card_validity_date, credit_card_vendor_id, commission_amount, payment_status_id, currency_id) VALUES (payment_id, booking_id, total_amount, payment_date, credit_card_number, credit_card_security_number, credit_card_validity_date, credit_card_vendor_id, commission_amount, payment_status_id, currency_id);
INSERT INTO payment (payment_id, booking_id, total_amount, payment_date, credit_card_number, credit_card_security_number, credit_card_validity_date, credit_card_vendor_id, commission_amount, payment_status_id, currency_id) VALUES (payment_id, booking_id, total_amount, payment_date, credit_card_number, credit_card_security_number, credit_card_validity_date, credit_card_vendor_id, commission_amount, payment_status_id, currency_id);
INSERT INTO payment (payment_id, booking_id, total_amount, payment_date, credit_card_number, credit_card_security_number, credit_card_validity_date, credit_card_vendor_id, commission_amount, payment_status_id, currency_id) VALUES (payment_id, booking_id, total_amount, payment_date, credit_card_number, credit_card_security_number, credit_card_validity_date, credit_card_vendor_id, commission_amount, payment_status_id, currency_id);
INSERT INTO payment (payment_id, booking_id, total_amount, payment_date, credit_card_number, credit_card_security_number, credit_card_validity_date, credit_card_vendor_id, commission_amount, payment_status_id, currency_id) VALUES (payment_id, booking_id, total_amount, payment_date, credit_card_number, credit_card_security_number, credit_card_validity_date, credit_card_vendor_id, commission_amount, payment_status_id, currency_id);
INSERT INTO payment (payment_id, booking_id, total_amount, payment_date, credit_card_number, credit_card_security_number, credit_card_validity_date, credit_card_vendor_id, commission_amount, payment_status_id, currency_id) VALUES (payment_id, booking_id, total_amount, payment_date, credit_card_number, credit_card_security_number, credit_card_validity_date, credit_card_vendor_id, commission_amount, payment_status_id, currency_id);
INSERT INTO payment (payment_id, booking_id, total_amount, payment_date, credit_card_number, credit_card_security_number, credit_card_validity_date, credit_card_vendor_id, commission_amount, payment_status_id, currency_id) VALUES (payment_id, booking_id, total_amount, payment_date, credit_card_number, credit_card_security_number, credit_card_validity_date, credit_card_vendor_id, commission_amount, payment_status_id, currency_id);
INSERT INTO payment (payment_id, booking_id, total_amount, payment_date, credit_card_number, credit_card_security_number, credit_card_validity_date, credit_card_vendor_id, commission_amount, payment_status_id, currency_id) VALUES (payment_id, booking_id, total_amount, payment_date, credit_card_number, credit_card_security_number, credit_card_validity_date, credit_card_vendor_id, commission_amount, payment_status_id, currency_id);
INSERT INTO payment (payment_id, booking_id, total_amount, payment_date, credit_card_number, credit_card_security_number, credit_card_validity_date, credit_card_vendor_id, commission_amount, payment_status_id, currency_id) VALUES (payment_id, booking_id, total_amount, payment_date, credit_card_number, credit_card_security_number, credit_card_validity_date, credit_card_vendor_id, commission_amount, payment_status_id, currency_id);
INSERT INTO payment (payment_id, booking_id, total_amount, payment_date, credit_card_number, credit_card_security_number, credit_card_validity_date, credit_card_vendor_id, commission_amount, payment_status_id, currency_id) VALUES (payment_id, booking_id, total_amount, payment_date, credit_card_number, credit_card_security_number, credit_card_validity_date, credit_card_vendor_id, commission_amount, payment_status_id, currency_id);
INSERT INTO payment (payment_id, booking_id, total_amount, payment_date, credit_card_number, credit_card_security_number, credit_card_validity_date, credit_card_vendor_id, commission_amount, payment_status_id, currency_id) VALUES (payment_id, booking_id, total_amount, payment_date, credit_card_number, credit_card_security_number, credit_card_validity_date, credit_card_vendor_id, commission_amount, payment_status_id, currency_id);
INSERT INTO payment (payment_id, booking_id, total_amount, payment_date, credit_card_number, credit_card_security_number, credit_card_validity_date, credit_card_vendor_id, commission_amount, payment_status_id, currency_id) VALUES (payment_id, booking_id, total_amount, payment_date, credit_card_number, credit_card_security_number, credit_card_validity_date, credit_card_vendor_id, commission_amount, payment_status_id, currency_id);

INSERT INTO accommodation_pic (picture_id, accomodation_id, file_location, title) VALUES (picture_id, accomodation_id, file_location, title);
INSERT INTO accommodation_pic (picture_id, accomodation_id, file_location, title) VALUES (picture_id, accomodation_id, file_location, title);
INSERT INTO accommodation_pic (picture_id, accomodation_id, file_location, title) VALUES (picture_id, accomodation_id, file_location, title);
INSERT INTO accommodation_pic (picture_id, accomodation_id, file_location, title) VALUES (picture_id, accomodation_id, file_location, title);
INSERT INTO accommodation_pic (picture_id, accomodation_id, file_location, title) VALUES (picture_id, accomodation_id, file_location, title);
INSERT INTO accommodation_pic (picture_id, accomodation_id, file_location, title) VALUES (picture_id, accomodation_id, file_location, title);
INSERT INTO accommodation_pic (picture_id, accomodation_id, file_location, title) VALUES (picture_id, accomodation_id, file_location, title);
INSERT INTO accommodation_pic (picture_id, accomodation_id, file_location, title) VALUES (picture_id, accomodation_id, file_location, title);
INSERT INTO accommodation_pic (picture_id, accomodation_id, file_location, title) VALUES (picture_id, accomodation_id, file_location, title);
INSERT INTO accommodation_pic (picture_id, accomodation_id, file_location, title) VALUES (picture_id, accomodation_id, file_location, title);
INSERT INTO accommodation_pic (picture_id, accomodation_id, file_location, title) VALUES (picture_id, accomodation_id, file_location, title);
INSERT INTO accommodation_pic (picture_id, accomodation_id, file_location, title) VALUES (picture_id, accomodation_id, file_location, title);
INSERT INTO accommodation_pic (picture_id, accomodation_id, file_location, title) VALUES (picture_id, accomodation_id, file_location, title);
INSERT INTO accommodation_pic (picture_id, accomodation_id, file_location, title) VALUES (picture_id, accomodation_id, file_location, title);
INSERT INTO accommodation_pic (picture_id, accomodation_id, file_location, title) VALUES (picture_id, accomodation_id, file_location, title);
INSERT INTO accommodation_pic (picture_id, accomodation_id, file_location, title) VALUES (picture_id, accomodation_id, file_location, title);
INSERT INTO accommodation_pic (picture_id, accomodation_id, file_location, title) VALUES (picture_id, accomodation_id, file_location, title);
INSERT INTO accommodation_pic (picture_id, accomodation_id, file_location, title) VALUES (picture_id, accomodation_id, file_location, title);
INSERT INTO accommodation_pic (picture_id, accomodation_id, file_location, title) VALUES (picture_id, accomodation_id, file_location, title);
INSERT INTO accommodation_pic (picture_id, accomodation_id, file_location, title) VALUES (picture_id, accomodation_id, file_location, title);
INSERT INTO accommodation_pic (picture_id, accomodation_id, file_location, title) VALUES (picture_id, accomodation_id, file_location, title);

INSERT INTO accomodation_calender (accomodation_calender_id, valid_from, valid_to, is_available, price_per_night, currency_id) VALUES (accomodation_calender_id, valid_from, valid_to, is_available, price_per_night, currency_id);
INSERT INTO accomodation_calender (accomodation_calender_id, valid_from, valid_to, is_available, price_per_night, currency_id) VALUES (accomodation_calender_id, valid_from, valid_to, is_available, price_per_night, currency_id);
INSERT INTO accomodation_calender (accomodation_calender_id, valid_from, valid_to, is_available, price_per_night, currency_id) VALUES (accomodation_calender_id, valid_from, valid_to, is_available, price_per_night, currency_id);
INSERT INTO accomodation_calender (accomodation_calender_id, valid_from, valid_to, is_available, price_per_night, currency_id) VALUES (accomodation_calender_id, valid_from, valid_to, is_available, price_per_night, currency_id);
INSERT INTO accomodation_calender (accomodation_calender_id, valid_from, valid_to, is_available, price_per_night, currency_id) VALUES (accomodation_calender_id, valid_from, valid_to, is_available, price_per_night, currency_id);
INSERT INTO accomodation_calender (accomodation_calender_id, valid_from, valid_to, is_available, price_per_night, currency_id) VALUES (accomodation_calender_id, valid_from, valid_to, is_available, price_per_night, currency_id);
INSERT INTO accomodation_calender (accomodation_calender_id, valid_from, valid_to, is_available, price_per_night, currency_id) VALUES (accomodation_calender_id, valid_from, valid_to, is_available, price_per_night, currency_id);
INSERT INTO accomodation_calender (accomodation_calender_id, valid_from, valid_to, is_available, price_per_night, currency_id) VALUES (accomodation_calender_id, valid_from, valid_to, is_available, price_per_night, currency_id);
INSERT INTO accomodation_calender (accomodation_calender_id, valid_from, valid_to, is_available, price_per_night, currency_id) VALUES (accomodation_calender_id, valid_from, valid_to, is_available, price_per_night, currency_id);
INSERT INTO accomodation_calender (accomodation_calender_id, valid_from, valid_to, is_available, price_per_night, currency_id) VALUES (accomodation_calender_id, valid_from, valid_to, is_available, price_per_night, currency_id);
INSERT INTO accomodation_calender (accomodation_calender_id, valid_from, valid_to, is_available, price_per_night, currency_id) VALUES (accomodation_calender_id, valid_from, valid_to, is_available, price_per_night, currency_id);
INSERT INTO accomodation_calender (accomodation_calender_id, valid_from, valid_to, is_available, price_per_night, currency_id) VALUES (accomodation_calender_id, valid_from, valid_to, is_available, price_per_night, currency_id);
INSERT INTO accomodation_calender (accomodation_calender_id, valid_from, valid_to, is_available, price_per_night, currency_id) VALUES (accomodation_calender_id, valid_from, valid_to, is_available, price_per_night, currency_id);
INSERT INTO accomodation_calender (accomodation_calender_id, valid_from, valid_to, is_available, price_per_night, currency_id) VALUES (accomodation_calender_id, valid_from, valid_to, is_available, price_per_night, currency_id);
INSERT INTO accomodation_calender (accomodation_calender_id, valid_from, valid_to, is_available, price_per_night, currency_id) VALUES (accomodation_calender_id, valid_from, valid_to, is_available, price_per_night, currency_id);
INSERT INTO accomodation_calender (accomodation_calender_id, valid_from, valid_to, is_available, price_per_night, currency_id) VALUES (accomodation_calender_id, valid_from, valid_to, is_available, price_per_night, currency_id);
INSERT INTO accomodation_calender (accomodation_calender_id, valid_from, valid_to, is_available, price_per_night, currency_id) VALUES (accomodation_calender_id, valid_from, valid_to, is_available, price_per_night, currency_id);
INSERT INTO accomodation_calender (accomodation_calender_id, valid_from, valid_to, is_available, price_per_night, currency_id) VALUES (accomodation_calender_id, valid_from, valid_to, is_available, price_per_night, currency_id);
INSERT INTO accomodation_calender (accomodation_calender_id, valid_from, valid_to, is_available, price_per_night, currency_id) VALUES (accomodation_calender_id, valid_from, valid_to, is_available, price_per_night, currency_id);
INSERT INTO accomodation_calender (accomodation_calender_id, valid_from, valid_to, is_available, price_per_night, currency_id) VALUES (accomodation_calender_id, valid_from, valid_to, is_available, price_per_night, currency_id);
INSERT INTO accomodation_calender (accomodation_calender_id, valid_from, valid_to, is_available, price_per_night, currency_id) VALUES (accomodation_calender_id, valid_from, valid_to, is_available, price_per_night, currency_id);







commit;